flyerId,storeName,storeAddress,productName,brand,salePrice,regularPrice,unitSize,validUnit,imageUrl,validFrom,validTo,category,postalCode
8073811,"No Frills","N/A","CLUB HOUSE PICKLING SPICE, 110 g","N/A",$4.49,N/A,"N/A",each,"N/A",2026-08-13T00:00:00-04:00,2026-08-19T23:59:59-04:00,"N/A",B3K0H6
8073811,"No Frills","N/A","EGGPLANT","N/A",$1.99,N/A,"N/A",each,"N/A",2026-08-13T00:00:00-04:00,2026-08-19T23:59:59-04:00,"N/A",B3K0H6
8073811,"No Frills","N/A","GREEN PEPPERS","N/A",$1.99,N/A,"N/A",each,"N/A",2026-08-13T00:00:00-04:00,2026-08-19T23:59:59-04:00,"N/A",B3K0H6
8073811,"No Frills","N/A","REALEMON LEMON JUICE, 945 ml","N/A",$3.50,N/A,"N/A",each,"N/A",2026-08-13T00:00:00-04:00,2026-08-19T23:59:59-04:00,"N/A",B3K0H6
8073811,"No Frills","N/A","WINDSOR COARSE PICKING SALT, 1.36 KG","N/A",$3.00,N/A,"N/A",each,"N/A",2026-08-13T00:00:00-04:00,2026-08-19T23:59:59-04:00,"N/A",B3K0H6
8073811,"No Frills","N/A","JALAPENO PEPPERS","N/A",$3.99,N/A,"N/A",each,"N/A",2026-08-13T00:00:00-04:00,2026-08-19T23:59:59-04:00,"N/A",B3K0H6
8073811,"No Frills","N/A","NO NAME® PURE WHITE VINEGAR, 4 L","N/A",$2.79,N/A,"N/A",each,"N/A",2026-08-13T00:00:00-04:00,2026-08-19T23:59:59-04:00,"N/A",B3K0H6
8073811,"No Frills","N/A","DILL CUCUMBERS, 3 L","N/A",$5.99,N/A,"N/A",each,"N/A",2026-08-13T00:00:00-04:00,2026-08-19T23:59:59-04:00,"N/A",B3K0H6
8073811,"No Frills","N/A","CLIF ZBAR, 5X36 G OR CLIF ENERGY MINIS, 5X28 G","N/A",$3.50,N/A,"N/A",each,"N/A",2026-08-13T00:00:00-04:00,2026-08-19T23:59:59-04:00,"N/A",B3K0H6
8073811,"No Frills","N/A","HERSHEY'S CHOCOLATE POUCHES, 160-235 G","N/A",$4.50,N/A,"N/A",each,"N/A",2026-08-13T00:00:00-04:00,2026-08-19T23:59:59-04:00,"N/A",B3K0H6
8073811,"No Frills","N/A","KALE","N/A",$1.99,N/A,"N/A",each,"N/A",2026-08-13T00:00:00-04:00,2026-08-19T23:59:59-04:00,"N/A",B3K0H6
8073811,"No Frills","N/A","KNORR CUPS","N/A",N/A,N/A,"N/A",each,"N/A",2026-08-13T00:00:00-04:00,2026-08-19T23:59:59-04:00,"N/A",B3K0H6
8073811,"No Frills","N/A","PC® BLUE MENU® MARGARINE, 907 g","N/A",$5.00,N/A,"N/A",each,"N/A",2026-08-13T00:00:00-04:00,2026-08-19T23:59:59-04:00,"N/A",B3K0H6
8073811,"No Frills","N/A","NO NAME® OLIVE OIL, 750 mL","N/A",N/A,N/A,"N/A",each,"N/A",2026-08-13T00:00:00-04:00,2026-08-19T23:59:59-04:00,"N/A",B3K0H6
8073811,"No Frills","N/A","PORK BELLY PORTIONS","N/A",$4.89,N/A,"N/A",each,"N/A",2026-08-13T00:00:00-04:00,2026-08-19T23:59:59-04:00,"N/A",B3K0H6
8073811,"No Frills","N/A","CHRISTIE TRISCUITS, GOOD THINS OR WHEAT THINS CRACKERS, 100 - 200 G","N/A",$1.88,N/A,"N/A",each,"N/A",2026-08-13T00:00:00-04:00,2026-08-19T23:59:59-04:00,"N/A",B3K0H6
8073811,"No Frills","N/A","PC® BRIOCHE BUNS","N/A",N/A,N/A,"N/A",each,"N/A",2026-08-13T00:00:00-04:00,2026-08-19T23:59:59-04:00,"N/A",B3K0H6
8073811,"No Frills","N/A","SWISS CHALET OR MONTANA'S ROCKY MTN PORK RIBS, 600/650 G","N/A",$8.99,N/A,"N/A",each,"N/A",2026-08-13T00:00:00-04:00,2026-08-19T23:59:59-04:00,"N/A",B3K0H6
8073811,"No Frills","N/A","PERSIL, 1.86 L","N/A",N/A,N/A,"N/A",each,"N/A",2026-08-13T00:00:00-04:00,2026-08-19T23:59:59-04:00,"N/A",B3K0H6
8073811,"No Frills","N/A","VH COOKING or DIPPING SAUCE, 341-380 mL","N/A",$3.00,N/A,"N/A",each,"N/A",2026-08-13T00:00:00-04:00,2026-08-19T23:59:59-04:00,"N/A",B3K0H6
8073811,"No Frills","N/A","FARMER'S MARKET™ GRAPE TOMATOES, 283 G","N/A",$2.99,N/A,"N/A",each,"N/A",2026-08-13T00:00:00-04:00,2026-08-19T23:59:59-04:00,"N/A",B3K0H6
8073811,"No Frills","N/A","SMUCKER'S UNCRUSTABLES SANDWICHES, 4x58 g","N/A",$4.75,N/A,"N/A",each,"N/A",2026-08-13T00:00:00-04:00,2026-08-19T23:59:59-04:00,"N/A",B3K0H6
8073811,"No Frills","N/A","PC® SOFT DRINKS, 9 - 20 L","N/A",N/A,N/A,"N/A",each,"N/A",2026-08-13T00:00:00-04:00,2026-08-19T23:59:59-04:00,"N/A",B3K0H6
8073811,"No Frills","N/A","PC® FROZEN FRUIT 300-600 g or CHAPMAN'S PREMIUM ICE CREAM 2 L","N/A",$5.50,N/A,"N/A",each,"N/A",2026-08-13T00:00:00-04:00,2026-08-19T23:59:59-04:00,"N/A",B3K0H6
8073811,"No Frills","N/A","NO NAME® BATHROOM TISSUE, 12-24 rolls","N/A",$6.50,N/A,"N/A",each,"N/A",2026-08-13T00:00:00-04:00,2026-08-19T23:59:59-04:00,"N/A",B3K0H6
8073811,"No Frills","N/A","NO NAME® FOOD STORAGE CONTAINERS","N/A",$3.00,N/A,"N/A",each,"N/A",2026-08-13T00:00:00-04:00,2026-08-19T23:59:59-04:00,"N/A",B3K0H6
8073811,"No Frills","N/A","FARMER'S MARKET™ LEMON, 2 LB BAG OR ORANGES, 3 LB BAG","N/A",$4.99,N/A,"N/A",each,"N/A",2026-08-13T00:00:00-04:00,2026-08-19T23:59:59-04:00,"N/A",B3K0H6
8073811,"No Frills","N/A","COUNTRY HARVEST BREAD, 600 g","N/A",$3.50,N/A,"N/A",each,"N/A",2026-08-13T00:00:00-04:00,2026-08-19T23:59:59-04:00,"N/A",B3K0H6
8073811,"No Frills","N/A","WINDEX GLASS CLEANER 765 mL, SCRUBBING BUBBLES, 946/950 mL or FANTASTIK, 650 mL","N/A",$4.50,N/A,"N/A",each,"N/A",2026-08-13T00:00:00-04:00,2026-08-19T23:59:59-04:00,"N/A",B3K0H6
8073811,"No Frills","N/A","CAVENDISH FARMS CLASSIC FRIES, 800 g","N/A",$2.25,N/A,"N/A",each,"N/A",2026-08-13T00:00:00-04:00,2026-08-19T23:59:59-04:00,"N/A",B3K0H6
8073811,"No Frills","N/A","NO NAME® NATURALLY IMPERFECT™ MIXED PEPPERS, 2.5 LB BAG","N/A",$6.00,N/A,"N/A",each,"N/A",2026-08-13T00:00:00-04:00,2026-08-19T23:59:59-04:00,"N/A",B3K0H6
8073811,"No Frills","N/A","OLIVIERI SKILLET GNOCCHI, 280/300 G","N/A",$4.00,N/A,"N/A",each,"N/A",2026-08-13T00:00:00-04:00,2026-08-19T23:59:59-04:00,"N/A",B3K0H6
8073811,"No Frills","N/A","NO NAME® FULLY COOKED, BREADED CHICKEN BURGERS, 908 G","N/A",N/A,N/A,"N/A",each,"N/A",2026-08-13T00:00:00-04:00,2026-08-19T23:59:59-04:00,"N/A",B3K0H6
8073811,"No Frills","N/A","WHOLE SEEDLESS WATERMELON, 9 LB AVERAGE","N/A",$6.99,N/A,"N/A",each,"N/A",2026-08-13T00:00:00-04:00,2026-08-19T23:59:59-04:00,"N/A",B3K0H6
8073811,"No Frills","N/A","BROCCOLI CROWNS","N/A",$2.49,N/A,"N/A",each,"N/A",2026-08-13T00:00:00-04:00,2026-08-19T23:59:59-04:00,"N/A",B3K0H6
8073811,"No Frills","N/A","NO NAME® PLASTIC WRAP, 60 m","N/A",$4.00,N/A,"N/A",each,"N/A",2026-08-13T00:00:00-04:00,2026-08-19T23:59:59-04:00,"N/A",B3K0H6
8073811,"No Frills","N/A","PC LAMB, BROWN RICE & PEA DRY FOOD, 14 kg","N/A",N/A,N/A,"N/A",each,"N/A",2026-08-13T00:00:00-04:00,2026-08-19T23:59:59-04:00,"N/A",B3K0H6
8073811,"No Frills","N/A","SUFRA® HALAL CHICKEN BREASTS, up to 645 g","N/A",$14.00,N/A,"N/A",each,"N/A",2026-08-13T00:00:00-04:00,2026-08-19T23:59:59-04:00,"N/A",B3K0H6
8073811,"No Frills","N/A","BOLTHOUSE FARMS SMOOTHIES OR JUICE, 946 ML","N/A",$3.50,N/A,"N/A",each,"N/A",2026-08-13T00:00:00-04:00,2026-08-19T23:59:59-04:00,"N/A",B3K0H6
8073811,"No Frills","N/A","STOK COLD BREW COFFEE, 1.42 L OR STARBUCKS ICED COFFEE, COLD BREW OR ICED ESPRESSO, 1.18 L OR 1.42 L","N/A",$7.29,N/A,"N/A",each,"N/A",2026-08-13T00:00:00-04:00,2026-08-19T23:59:59-04:00,"N/A",B3K0H6
8073811,"No Frills","N/A","HIGH LINER FAMILY FISH, 315-700 G","N/A",$6.00,N/A,"N/A",each,"N/A",2026-08-13T00:00:00-04:00,2026-08-19T23:59:59-04:00,"N/A",B3K0H6
8073811,"No Frills","N/A","NO NAME® NATURALLY IMPERFECT™ MINI CUCUMBERS, 2 LB BAG","N/A",$4.00,N/A,"N/A",each,"N/A",2026-08-13T00:00:00-04:00,2026-08-19T23:59:59-04:00,"N/A",B3K0H6
8073811,"No Frills","N/A","CLUB HOUSE DRY SAUCE MIXES, 21-47 G","N/A",N/A,N/A,"N/A",each,"N/A",2026-08-13T00:00:00-04:00,2026-08-19T23:59:59-04:00,"N/A",B3K0H6
8073811,"No Frills","N/A","CHEEZ-IT CRACKERS, 191/200 G","N/A",$2.00,N/A,"N/A",each,"N/A",2026-08-13T00:00:00-04:00,2026-08-19T23:59:59-04:00,"N/A",B3K0H6
8073811,"No Frills","N/A","EARTH'S OWN BARISTA, 946 ML","N/A",$4.50,N/A,"N/A",each,"N/A",2026-08-13T00:00:00-04:00,2026-08-19T23:59:59-04:00,"N/A",B3K0H6
8073811,"No Frills","N/A","BIBIGO STEAMED DUMPLINGS, 187 G","N/A",$4.49,N/A,"N/A",each,"N/A",2026-08-13T00:00:00-04:00,2026-08-19T23:59:59-04:00,"N/A",B3K0H6
8073811,"No Frills","N/A","WHITE POTATOES, 10 LB BAG","N/A",$3.99,N/A,"N/A",each,"N/A",2026-08-13T00:00:00-04:00,2026-08-19T23:59:59-04:00,"N/A",B3K0H6
8073811,"No Frills","N/A","OCEAN'S WHITE TUNA, 170 G","N/A",$3.00,N/A,"N/A",each,"N/A",2026-08-13T00:00:00-04:00,2026-08-19T23:59:59-04:00,"N/A",B3K0H6
8073811,"No Frills","N/A","UNICO BEANS OR TOMATOES, 540/796 G","N/A",$1.50,N/A,"N/A",each,"N/A",2026-08-13T00:00:00-04:00,2026-08-19T23:59:59-04:00,"N/A",B3K0H6
8073811,"No Frills","N/A","NO NAME® DISINFECTANT WIPES, 75'S","N/A",$3.00,N/A,"N/A",each,"N/A",2026-08-13T00:00:00-04:00,2026-08-19T23:59:59-04:00,"N/A",B3K0H6
8073811,"No Frills","N/A","NO NAME® RED PLASTIC PARTY CUPS, 50'S","N/A",$5.00,N/A,"N/A",each,"N/A",2026-08-13T00:00:00-04:00,2026-08-19T23:59:59-04:00,"N/A",B3K0H6
8073811,"No Frills","N/A","BECEL MARGARINE, 637/800 G","N/A",$6.99,N/A,"N/A",each,"N/A",2026-08-13T00:00:00-04:00,2026-08-19T23:59:59-04:00,"N/A",B3K0H6
8073811,"No Frills","N/A","MINUTE MAID ZERO SUGAR BEVERAGES, 1.54 L OR FUZE ICED TEA, 1.75 L","N/A",$3.75,N/A,"N/A",each,"N/A",2026-08-13T00:00:00-04:00,2026-08-19T23:59:59-04:00,"N/A",B3K0H6
8073811,"No Frills","N/A","LIPTON OR KNORR SOUP MIX, 113-338 G","N/A",$3.00,N/A,"N/A",each,"N/A",2026-08-13T00:00:00-04:00,2026-08-19T23:59:59-04:00,"N/A",B3K0H6
8073811,"No Frills","N/A","PAPAYA","N/A",$1.99,N/A,"N/A",each,"N/A",2026-08-13T00:00:00-04:00,2026-08-19T23:59:59-04:00,"N/A",B3K0H6
8073811,"No Frills","N/A","GATORADE SPORT DRINKS, 6X591 ML/8X355 ML OR POWDERS, 10PK/560 G","N/A",$6.25,N/A,"N/A",each,"N/A",2026-08-13T00:00:00-04:00,2026-08-19T23:59:59-04:00,"N/A",B3K0H6
8073811,"No Frills","N/A","NO NAME® CHICKEN WIENERS, 1.5 KG","N/A",N/A,N/A,"N/A",each,"N/A",2026-08-13T00:00:00-04:00,2026-08-19T23:59:59-04:00,"N/A",B3K0H6
8073811,"No Frills","N/A","PHILADELPHIA CREAM CHEESE PRODUCT, 227 / 250G","N/A",$3.99,N/A,"N/A",each,"N/A",2026-08-13T00:00:00-04:00,2026-08-19T23:59:59-04:00,"N/A",B3K0H6
8073811,"No Frills","N/A","ETNICO CHICKEN GIZZARDS, HEARTS or LIVER, UP TO 609 G","N/A",$9.00,N/A,"N/A",each,"N/A",2026-08-13T00:00:00-04:00,2026-08-19T23:59:59-04:00,"N/A",B3K0H6
8073811,"No Frills","N/A","TINA'S BURRITO, 113 G","N/A",$1.00,N/A,"N/A",each,"N/A",2026-08-13T00:00:00-04:00,2026-08-19T23:59:59-04:00,"N/A",B3K0H6
8073811,"No Frills","N/A","NESTLE KIT KAT, AERO OR CRUNCH TABLETS, 95 - 105 G","N/A",$1.75,N/A,"N/A",each,"N/A",2026-08-13T00:00:00-04:00,2026-08-19T23:59:59-04:00,"N/A",B3K0H6
8073811,"No Frills","N/A","NONGSHIM SHRIMP CHIPS, 45 G","N/A",$1.25,N/A,"N/A",each,"N/A",2026-08-13T00:00:00-04:00,2026-08-19T23:59:59-04:00,"N/A",B3K0H6
8073811,"No Frills","N/A","SURAJ® NAAN, 5'S","N/A",$2.29,N/A,"N/A",each,"N/A",2026-08-13T00:00:00-04:00,2026-08-19T23:59:59-04:00,"N/A",B3K0H6
8073811,"No Frills","N/A","CLIF BARS, 5PK, 340 G","N/A",$8.00,N/A,"N/A",each,"N/A",2026-08-13T00:00:00-04:00,2026-08-19T23:59:59-04:00,"N/A",B3K0H6
8073811,"No Frills","N/A","SWEET POTATOES","N/A",$1.79,N/A,"N/A",each,"N/A",2026-08-13T00:00:00-04:00,2026-08-19T23:59:59-04:00,"N/A",B3K0H6
8073811,"No Frills","N/A","CHEEMO PEROGIES, 745/907 G","N/A",$3.00,N/A,"N/A",each,"N/A",2026-08-13T00:00:00-04:00,2026-08-19T23:59:59-04:00,"N/A",B3K0H6
8073811,"No Frills","N/A","FARMER'S MARKET™ KIWI, 2 LB","N/A",$6.99,N/A,"N/A",each,"N/A",2026-08-13T00:00:00-04:00,2026-08-19T23:59:59-04:00,"N/A",B3K0H6
8073811,"No Frills","N/A","LA FOURNÉE DORÉE BRIOCHE BREAD, 500 G","N/A",$5.00,N/A,"N/A",each,"N/A",2026-08-13T00:00:00-04:00,2026-08-19T23:59:59-04:00,"N/A",B3K0H6
8073811,"No Frills","N/A","TIDE LIQUID, 3.46/3.9 L, PODS OR FLINGS, 45-76'S LAUNDRY DETERGENT","N/A",$19.99,N/A,"N/A",each,"N/A",2026-08-13T00:00:00-04:00,2026-08-19T23:59:59-04:00,"N/A",B3K0H6
8073811,"No Frills","N/A","FINISH DISHWASHER TABS, 60-105'S","N/A",$21.00,N/A,"N/A",each,"N/A",2026-08-13T00:00:00-04:00,2026-08-19T23:59:59-04:00,"N/A",B3K0H6
8073811,"No Frills","N/A","GREEN OR RED SEEDLESS RAISINS","N/A",$3.99,N/A,"N/A",each,"N/A",2026-08-13T00:00:00-04:00,2026-08-19T23:59:59-04:00,"N/A",B3K0H6
8073811,"No Frills","N/A","MAPLE LEAF FLAKED MEAT, 156 G OR HOLIDAY LUNCHEON MEAT, 340 G","N/A",$2.00,N/A,"N/A",each,"N/A",2026-08-13T00:00:00-04:00,2026-08-19T23:59:59-04:00,"N/A",B3K0H6
8073811,"No Frills","N/A","LECLERC CÉLÉBRATION COOKIES, 200/240 G","N/A",$3.00,N/A,"N/A",each,"N/A",2026-08-13T00:00:00-04:00,2026-08-19T23:59:59-04:00,"N/A",B3K0H6
8073811,"No Frills","N/A","NO NAME® RAINBOW BAKING CUPS, 50'S","N/A",$2.00,N/A,"N/A",each,"N/A",2026-08-13T00:00:00-04:00,2026-08-19T23:59:59-04:00,"N/A",B3K0H6
8073811,"No Frills","N/A","AASHIRVAAD WHOLE WHEAT FLOUR, 9.07 KG","N/A",$13.00,N/A,"N/A",each,"N/A",2026-08-13T00:00:00-04:00,2026-08-19T23:59:59-04:00,"N/A",B3K0H6
8073811,"No Frills","N/A","MARCANGELO SOUVLAKI KABOBS, 480/640 G","N/A",$13.99,N/A,"N/A",each,"N/A",2026-08-13T00:00:00-04:00,2026-08-19T23:59:59-04:00,"N/A",B3K0H6
8073811,"No Frills","N/A","PEDIGREE WET DOG FOOD, 375 G","N/A",$1.75,N/A,"N/A",each,"N/A",2026-08-13T00:00:00-04:00,2026-08-19T23:59:59-04:00,"N/A",B3K0H6
8073811,"No Frills","N/A","NANAK PANEER, 341 G","N/A",$4.49,N/A,"N/A",each,"N/A",2026-08-13T00:00:00-04:00,2026-08-19T23:59:59-04:00,"N/A",B3K0H6
8073811,"No Frills","N/A","NESTLÉ SNACK PACK, 12's","N/A",N/A,N/A,"N/A",each,"N/A",2026-08-13T00:00:00-04:00,2026-08-19T23:59:59-04:00,"N/A",B3K0H6
8073811,"No Frills","N/A","NO NAME® WHITE BAKING CUPS, 50's","N/A",$2.00,N/A,"N/A",each,"N/A",2026-08-13T00:00:00-04:00,2026-08-19T23:59:59-04:00,"N/A",B3K0H6
8073811,"No Frills","N/A","BEYOND MEAT PLANT-BASED BURGERS, 678 g","N/A",$16.99,N/A,"N/A",each,"N/A",2026-08-13T00:00:00-04:00,2026-08-19T23:59:59-04:00,"N/A",B3K0H6
8073811,"No Frills","N/A","PC® BLUE MENU® BEANS, PEAS or LENTILS, 900 g","N/A",$3.99,N/A,"N/A",each,"N/A",2026-08-13T00:00:00-04:00,2026-08-19T23:59:59-04:00,"N/A",B3K0H6
8073811,"No Frills","N/A","TOMATOES ON THE VINE","N/A",$1.99,N/A,"N/A",each,"N/A",2026-08-13T00:00:00-04:00,2026-08-19T23:59:59-04:00,"N/A",B3K0H6
8073811,"No Frills","N/A","CAULIFLOWER","N/A",$3.99,N/A,"N/A",each,"N/A",2026-08-13T00:00:00-04:00,2026-08-19T23:59:59-04:00,"N/A",B3K0H6
8073811,"No Frills","N/A","BABY BOK CHOY OR SHANGHAI BOK CHOI","N/A",$1.99,N/A,"N/A",each,"N/A",2026-08-13T00:00:00-04:00,2026-08-19T23:59:59-04:00,"N/A",B3K0H6
8073811,"No Frills","N/A","MOTT'S CLAMATO or OCEAN SPRAY CRANBERRY COCKTAIL, 1.89 L","N/A",$3.50,N/A,"N/A",each,"N/A",2026-08-13T00:00:00-04:00,2026-08-19T23:59:59-04:00,"N/A",B3K0H6
8073811,"No Frills","N/A","PURINA BEGGIN STRIPS DOG TREATS, 170 g","N/A",$3.00,N/A,"N/A",each,"N/A",2026-08-13T00:00:00-04:00,2026-08-19T23:59:59-04:00,"N/A",B3K0H6
8073811,"No Frills","N/A","TOSTITOS or DORITOS TORTILLA CHIPS, 210-295 g","N/A",$4.00,N/A,"N/A",each,"N/A",2026-08-13T00:00:00-04:00,2026-08-19T23:59:59-04:00,"N/A",B3K0H6
8073811,"No Frills","N/A","ZIGGY'S® MOZZARELLA BALL, 340 g, PC® DOUBLE BRIE or CAMEMBERT, 165-200 g","N/A",$6.00,N/A,"N/A",each,"N/A",2026-08-13T00:00:00-04:00,2026-08-19T23:59:59-04:00,"N/A",B3K0H6
8073811,"No Frills","N/A","KOOL-AID JAMMERS, 10x180 mL or MiO, CRYSTAL LIGHT, or KOOL-AID LIQUID WATER ENHANCERS, 48 mL/24-56 g","N/A",$3.00,N/A,"N/A",each,"N/A",2026-08-13T00:00:00-04:00,2026-08-19T23:59:59-04:00,"N/A",B3K0H6
8073811,"No Frills","N/A","SNUGGLE, 2.77 L","N/A",N/A,N/A,"N/A",each,"N/A",2026-08-13T00:00:00-04:00,2026-08-19T23:59:59-04:00,"N/A",B3K0H6
8073811,"No Frills","N/A","NANAK TANDOORI PANEER POPPERS, 454 G","N/A",$6.99,N/A,"N/A",each,"N/A",2026-08-13T00:00:00-04:00,2026-08-19T23:59:59-04:00,"N/A",B3K0H6
8073811,"No Frills","N/A","FRUITS AND VEGETABLES","N/A",$4.50,N/A,"N/A",each,"N/A",2026-08-13T00:00:00-04:00,2026-08-19T23:59:59-04:00,"N/A",B3K0H6
8073811,"No Frills","N/A","MCCAIN PIZZA POCKETS, 540/600 G","N/A",$6.50,N/A,"N/A",each,"N/A",2026-08-13T00:00:00-04:00,2026-08-19T23:59:59-04:00,"N/A",B3K0H6
8073811,"No Frills","N/A","LAVAZZA CREMA E GUSTO, QUALITA ORO or QUALITA ROSSA GROUND COFFEE, 250 g","N/A",$6.00,N/A,"N/A",each,"N/A",2026-08-13T00:00:00-04:00,2026-08-19T23:59:59-04:00,"N/A",B3K0H6
8073811,"No Frills","N/A","ROYALE BATHROOM TISSUE 8=16 rolls or FACIAL TISSUE 6x100 sheets","N/A",$5.00,N/A,"N/A",each,"N/A",2026-08-13T00:00:00-04:00,2026-08-19T23:59:59-04:00,"N/A",B3K0H6
8073811,"No Frills","N/A","DARE VIVA PUFFS, WAGON WHEELS, ULTIMATE OR BEAR PAWS COOKIES, 168-360 G","N/A",$2.50,N/A,"N/A",each,"N/A",2026-08-13T00:00:00-04:00,2026-08-19T23:59:59-04:00,"N/A",B3K0H6
8073811,"No Frills","N/A","NO NAME® CORN, 341/398 ML","N/A",$1.25,N/A,"N/A",each,"N/A",2026-08-13T00:00:00-04:00,2026-08-19T23:59:59-04:00,"N/A",B3K0H6
8073811,"No Frills","N/A","NANAK DAHI, 750 G","N/A",$2.99,N/A,"N/A",each,"N/A",2026-08-13T00:00:00-04:00,2026-08-19T23:59:59-04:00,"N/A",B3K0H6
8073811,"No Frills","N/A","NO NAME® SANDWICH BAGS, 100's","N/A",$2.00,N/A,"N/A",each,"N/A",2026-08-13T00:00:00-04:00,2026-08-19T23:59:59-04:00,"N/A",B3K0H6
8073811,"No Frills","N/A","NO NAME® LUNCH PAPER PLATES 40's","N/A",$5.00,N/A,"N/A",each,"N/A",2026-08-13T00:00:00-04:00,2026-08-19T23:59:59-04:00,"N/A",B3K0H6
8073811,"No Frills","N/A","FARMER'S MARKET™ SWEET CORN, PKG OF 5 or FARMER'S MARKET™ SWEET PEPPERS, PKG OF 4","N/A",$4.99,N/A,"N/A",each,"N/A",2026-08-13T00:00:00-04:00,2026-08-19T23:59:59-04:00,"N/A",B3K0H6
8073811,"No Frills","N/A","BLACK DIAMOND CHEESTRINGS or SNACKS 252/336 g or CRACKER BARREL CHEESE SHREDS 320 g","N/A",$6.00,N/A,"N/A",each,"N/A",2026-08-13T00:00:00-04:00,2026-08-19T23:59:59-04:00,"N/A",B3K0H6
8073811,"No Frills","N/A","GET EM'S SNACKS FOR KIDS","N/A",N/A,N/A,"N/A",each,"N/A",2026-08-13T00:00:00-04:00,2026-08-19T23:59:59-04:00,"N/A",B3K0H6
8073811,"No Frills","N/A","BLUEBERRIES","N/A",$2.44,N/A,"N/A",each,"N/A",2026-08-13T00:00:00-04:00,2026-08-19T23:59:59-04:00,"N/A",B3K0H6
8073811,"No Frills","N/A","SAPUTO RICOTTA, FETA, BOCCONCINI, MOZZARELLA OR SHREDDED CHEESE, 125-500 G","N/A",$5.00,N/A,"N/A",each,"N/A",2026-08-13T00:00:00-04:00,2026-08-19T23:59:59-04:00,"N/A",B3K0H6
8073811,"No Frills","N/A","NO NAME® GROUND COFFEE 907 g or KRISPY KREME, DONUT HOUSE or TIMOTHY'S COFFEE PODS 30's","N/A",$15.00,N/A,"N/A",each,"N/A",2026-08-13T00:00:00-04:00,2026-08-19T23:59:59-04:00,"N/A",B3K0H6
8073811,"No Frills","N/A","EVERYDAY ESSENTIALS™ 12"" SKILLET","N/A",$8.00,N/A,"N/A",each,"N/A",2026-08-13T00:00:00-04:00,2026-08-19T23:59:59-04:00,"N/A",B3K0H6
8073811,"No Frills","N/A","MAPLE LEAF PRIME DRUMSTICKS, UP TO 843 G","N/A",$6.00,N/A,"N/A",each,"N/A",2026-08-13T00:00:00-04:00,2026-08-19T23:59:59-04:00,"N/A",B3K0H6
8073811,"No Frills","N/A","HIGH LINER PAN-SEAR or BATTERED FISH FILLETS, 454 - 909 g","N/A",$11.00,N/A,"N/A",each,"N/A",2026-08-13T00:00:00-04:00,2026-08-19T23:59:59-04:00,"N/A",B3K0H6
8073811,"No Frills","N/A","BERNARDIN DECORATIVE WIDE MOUTH MASON JAR, 12x1 L","N/A",$20.00,N/A,"N/A",each,"N/A",2026-08-13T00:00:00-04:00,2026-08-19T23:59:59-04:00,"N/A",B3K0H6
8073811,"No Frills","N/A","BERNARDIN WIDE MOUTH SNAP LIDS, 12's","N/A",$7.99,N/A,"N/A",each,"N/A",2026-08-13T00:00:00-04:00,2026-08-19T23:59:59-04:00,"N/A",B3K0H6
8073811,"No Frills","N/A","BERNARDIN STANDARD MASON JARS, 12x1L","N/A",$20.00,N/A,"N/A",each,"N/A",2026-08-13T00:00:00-04:00,2026-08-19T23:59:59-04:00,"N/A",B3K0H6
8073811,"No Frills","N/A","BERNARDIN REGULAR MOUTH SNAP LIDS 12's","N/A",$6.00,N/A,"N/A",each,"N/A",2026-08-13T00:00:00-04:00,2026-08-19T23:59:59-04:00,"N/A",B3K0H6
8073811,"No Frills","N/A","KRAFT SINGLES, 410 G","N/A",$4.00,N/A,"N/A",each,"N/A",2026-08-13T00:00:00-04:00,2026-08-19T23:59:59-04:00,"N/A",B3K0H6
8073811,"No Frills","N/A","KRAFT DINNER RAMEN, 95/97 G","N/A",$2.50,N/A,"N/A",each,"N/A",2026-08-13T00:00:00-04:00,2026-08-19T23:59:59-04:00,"N/A",B3K0H6
8073811,"No Frills","N/A","RED BARON CLASSIC CRUST PIZZA, 584-665 G","N/A",$4.00,N/A,"N/A",each,"N/A",2026-08-13T00:00:00-04:00,2026-08-19T23:59:59-04:00,"N/A",B3K0H6
8073811,"No Frills","N/A","ACE BISTRO LOAF, 545-640 G","N/A",$4.00,N/A,"N/A",each,"N/A",2026-08-13T00:00:00-04:00,2026-08-19T23:59:59-04:00,"N/A",B3K0H6
8073811,"No Frills","N/A","SEAQUEST® RAW OR COOKED SHRIMP, 36-55 PER LB, 300 G, SHRIMP RING, 227G OR BAY SCALLOP, 400 G","N/A",$5.50,N/A,"N/A",each,"N/A",2026-08-13T00:00:00-04:00,2026-08-19T23:59:59-04:00,"N/A",B3K0H6
8073811,"No Frills","N/A","NESTLÉ CONFECTIONERY FROZEN DESSERT, 1.5 L OR NOVELTIES, 4-10'S","N/A",$5.00,N/A,"N/A",each,"N/A",2026-08-13T00:00:00-04:00,2026-08-19T23:59:59-04:00,"N/A",B3K0H6
8073811,"No Frills","N/A","SCHNEIDERS LUNCHMATE LUNCH KITS or STACKERS, 75-120 G","N/A",$2.50,N/A,"N/A",each,"N/A",2026-08-13T00:00:00-04:00,2026-08-19T23:59:59-04:00,"N/A",B3K0H6
8073811,"No Frills","N/A","YOPLAIT YOP DRINKABLE YOGURT, 200 ML","N/A",$0.97,N/A,"N/A",each,"N/A",2026-08-13T00:00:00-04:00,2026-08-19T23:59:59-04:00,"N/A",B3K0H6
8073811,"No Frills","N/A","GREEN GIANT VEGETABLES, 283-750 G","N/A",$3.50,N/A,"N/A",each,"N/A",2026-08-13T00:00:00-04:00,2026-08-19T23:59:59-04:00,"N/A",B3K0H6
8073811,"No Frills","N/A","VALENTINA HOT SAUCE, 370 ML","N/A",$1.99,N/A,"N/A",each,"N/A",2026-08-13T00:00:00-04:00,2026-08-19T23:59:59-04:00,"N/A",B3K0H6
8073811,"No Frills","N/A","SEAQUEST® SEAFOOD MEDLEY, 340 G","N/A",$5.50,N/A,"N/A",each,"N/A",2026-08-13T00:00:00-04:00,2026-08-19T23:59:59-04:00,"N/A",B3K0H6
8073811,"No Frills","N/A","MADEGOOD GRANOLA BARS, CRISPY OR CRUNCHY SQUARES, SOFT BAKED MINI COOKIES, GRANOLA BITES OR OAT BARS, 110-150 G","N/A",$2.25,N/A,"N/A",each,"N/A",2026-08-13T00:00:00-04:00,2026-08-19T23:59:59-04:00,"N/A",B3K0H6
8073811,"No Frills","N/A","PALM CORNED BEEF, 326 G","N/A",$5.99,N/A,"N/A",each,"N/A",2026-08-13T00:00:00-04:00,2026-08-19T23:59:59-04:00,"N/A",B3K0H6
8073811,"No Frills","N/A","FLEECY FABRIC SOFTENER 3.5 L OR DRYER SHEETS 200'S","N/A",$10.00,N/A,"N/A",each,"N/A",2026-08-13T00:00:00-04:00,2026-08-19T23:59:59-04:00,"N/A",B3K0H6
8073811,"No Frills","N/A","NO NAME® COMPOSTABLE KITCHEN BAGS, 20'S","N/A",$5.00,N/A,"N/A",each,"N/A",2026-08-13T00:00:00-04:00,2026-08-19T23:59:59-04:00,"N/A",B3K0H6
8073811,"No Frills","N/A","ZUKES DOG TREATS, 170 G","N/A",$8.00,N/A,"N/A",each,"N/A",2026-08-13T00:00:00-04:00,2026-08-19T23:59:59-04:00,"N/A",B3K0H6
8073811,"No Frills","N/A","PC® BLUE MENU® OR THICK AND JUICY™ 4 PACK BURGERS, 568 G","N/A",$10.00,N/A,"N/A",each,"N/A",2026-08-13T00:00:00-04:00,2026-08-19T23:59:59-04:00,"N/A",B3K0H6
8073811,"No Frills","N/A","NO NAME® AIR FRYER LINERS ROUND OR SQUARE, 30'S","N/A",$2.50,N/A,"N/A",each,"N/A",2026-08-13T00:00:00-04:00,2026-08-19T23:59:59-04:00,"N/A",B3K0H6
8073811,"No Frills","N/A","NO NAME® COFFEE PODS, 102'S","N/A",N/A,N/A,"N/A",each,"N/A",2026-08-13T00:00:00-04:00,2026-08-19T23:59:59-04:00,"N/A",B3K0H6
8073811,"No Frills","N/A","NO NAME® LAUNDRY DETERGENT, 4.43 L, FABRIC SOFTENER, 3.5 L OR DRYER SHEETS, 200'S","N/A",$8.00,N/A,"N/A",each,"N/A",2026-08-13T00:00:00-04:00,2026-08-19T23:59:59-04:00,"N/A",B3K0H6
8073811,"No Frills","N/A","CAMPBELL'S CONDENSED SOUP, 284 ML","N/A",$1.29,N/A,"N/A",each,"N/A",2026-08-13T00:00:00-04:00,2026-08-19T23:59:59-04:00,"N/A",B3K0H6
8073811,"No Frills","N/A","CATELLI PROTEIN+ PASTA, 340 G","N/A",$3.00,N/A,"N/A",each,"N/A",2026-08-13T00:00:00-04:00,2026-08-19T23:59:59-04:00,"N/A",B3K0H6
8073811,"No Frills","N/A","EAT SMART SWEET KALE OR TAYLOR FARMS SALAD KITS, 292-383 G","N/A",$4.99,N/A,"N/A",each,"N/A",2026-08-13T00:00:00-04:00,2026-08-19T23:59:59-04:00,"N/A",B3K0H6
8073811,"No Frills","N/A","MARZETTI DIPS, 340 G","N/A",$4.00,N/A,"N/A",each,"N/A",2026-08-13T00:00:00-04:00,2026-08-19T23:59:59-04:00,"N/A",B3K0H6
8073811,"No Frills","N/A","BREYERS CREAMERY STYLE ICE CREAM, 1.41 L","N/A",$4.50,N/A,"N/A",each,"N/A",2026-08-13T00:00:00-04:00,2026-08-19T23:59:59-04:00,"N/A",B3K0H6
8073811,"No Frills","N/A","FARMER'S MARKET™ CARROTS, 3 LB BAG","N/A",$3.49,N/A,"N/A",each,"N/A",2026-08-13T00:00:00-04:00,2026-08-19T23:59:59-04:00,"N/A",B3K0H6
8073811,"No Frills","N/A","BIBIGO MANDU OR MINI WONTONS, 680 G","N/A",$7.50,N/A,"N/A",each,"N/A",2026-08-13T00:00:00-04:00,2026-08-19T23:59:59-04:00,"N/A",B3K0H6
8073811,"No Frills","N/A","STEELHEAD TROUT FILLET","N/A",$10.00,N/A,"N/A",each,"N/A",2026-08-13T00:00:00-04:00,2026-08-19T23:59:59-04:00,"N/A",B3K0H6
8073811,"No Frills","N/A","JELL-O DESSERTS, 4X89-113 G","N/A",$3.25,N/A,"N/A",each,"N/A",2026-08-13T00:00:00-04:00,2026-08-19T23:59:59-04:00,"N/A",B3K0H6
8073811,"No Frills","N/A","GROUND CHICKEN, 454 G","N/A",$3.00,N/A,"N/A",each,"N/A",2026-08-13T00:00:00-04:00,2026-08-19T23:59:59-04:00,"N/A",B3K0H6
8073811,"No Frills","N/A","PC® ORANGE JUICE, 2.5 L","N/A",N/A,N/A,"N/A",each,"N/A",2026-08-13T00:00:00-04:00,2026-08-19T23:59:59-04:00,"N/A",B3K0H6
8073811,"No Frills","N/A","NO NAME® NAPKINS, 500'S","N/A",$5.49,N/A,"N/A",each,"N/A",2026-08-13T00:00:00-04:00,2026-08-19T23:59:59-04:00,"N/A",B3K0H6
8073811,"No Frills","N/A","KICKING HORSE ORGANIC GROUND COFFEE, 284 G","N/A",$11.00,N/A,"N/A",each,"N/A",2026-08-13T00:00:00-04:00,2026-08-19T23:59:59-04:00,"N/A",B3K0H6
8073811,"No Frills","N/A","RUTABAGAS","N/A",$0.99,N/A,"N/A",each,"N/A",2026-08-13T00:00:00-04:00,2026-08-19T23:59:59-04:00,"N/A",B3K0H6
8073811,"No Frills","N/A","DAIYA GLUTEN FREE & DAIRY FREE FROZEN PIZZA, 363-550 G","N/A",$8.00,N/A,"N/A",each,"N/A",2026-08-13T00:00:00-04:00,2026-08-19T23:59:59-04:00,"N/A",B3K0H6
8073811,"No Frills","N/A","OIKOS GREEK YOGURT, 4X100 G","N/A",$3.75,N/A,"N/A",each,"N/A",2026-08-13T00:00:00-04:00,2026-08-19T23:59:59-04:00,"N/A",B3K0H6
8061817,"Wholesale Club and Club Entrepôt","N/A","MUFFIN BATTER, 3.63 KG","N/A",$28.99,N/A,"N/A",each,"N/A",2026-07-30T00:00:00-04:00,2026-08-19T23:59:59-04:00,"N/A",B3K0H6
8061817,"Wholesale Club and Club Entrepôt","N/A","BATTERED MUSHROOMS","N/A",$32.49,N/A,"N/A",each,"N/A",2026-07-30T00:00:00-04:00,2026-08-19T23:59:59-04:00,"N/A",B3K0H6
8061817,"Wholesale Club and Club Entrepôt","N/A","JUICE BLEND, 2 L","N/A",$7.99,N/A,"N/A",each,"N/A",2026-07-30T00:00:00-04:00,2026-08-19T23:59:59-04:00,"N/A",B3K0H6
8061817,"Wholesale Club and Club Entrepôt","N/A","HONEY GARLIC SAUCE, 4 L","N/A",$21.99,N/A,"N/A",each,"N/A",2026-07-30T00:00:00-04:00,2026-08-19T23:59:59-04:00,"N/A",B3K0H6
8061817,"Wholesale Club and Club Entrepôt","N/A","ORIGINAL CHICKEN WIENERS, 12'S","N/A",$2.99,N/A,"N/A",each,"N/A",2026-07-30T00:00:00-04:00,2026-08-19T23:59:59-04:00,"N/A",B3K0H6
8061817,"Wholesale Club and Club Entrepôt","N/A","SPARKLING SPRING WATER AND ACQUPANNA NATURAL SPRING WATER, 12 X 750 ML","N/A",$26.99,N/A,"N/A",each,"N/A",2026-07-30T00:00:00-04:00,2026-08-19T23:59:59-04:00,"N/A",B3K0H6
8061817,"Wholesale Club and Club Entrepôt","N/A","MARS OR AFFILIATES.","N/A",N/A,N/A,"N/A",each,"N/A",2026-07-30T00:00:00-04:00,2026-08-19T23:59:59-04:00,"N/A",B3K0H6
8061817,"Wholesale Club and Club Entrepôt","N/A","Frito-Lay® Variety Pack","N/A",N/A,N/A,"N/A",each,"N/A",2026-07-30T00:00:00-04:00,2026-08-19T23:59:59-04:00,"N/A",B3K0H6
8061817,"Wholesale Club and Club Entrepôt","N/A","ANCHOR PICKLE SPEARS BREADED, 1.81 KG","N/A",$14.99,N/A,"N/A",each,"N/A",2026-07-30T00:00:00-04:00,2026-08-19T23:59:59-04:00,"N/A",B3K0H6
8061817,"Wholesale Club and Club Entrepôt","N/A","HERSHEY PACKAGED CANDY, (70 - 235 G)","N/A",N/A,N/A,"N/A",each,"N/A",2026-07-30T00:00:00-04:00,2026-08-19T23:59:59-04:00,"N/A",B3K0H6
8061817,"Wholesale Club and Club Entrepôt","N/A","CANDY BARS, 24 X 43-58 G","N/A",$23.99,N/A,"N/A",each,"N/A",2026-07-30T00:00:00-04:00,2026-08-19T23:59:59-04:00,"N/A",B3K0H6
8061817,"Wholesale Club and Club Entrepôt","N/A","SINGLES PROCESS CHEESE PRODUCT, 410 G","N/A",$4.99,N/A,"N/A",each,"N/A",2026-07-30T00:00:00-04:00,2026-08-19T23:59:59-04:00,"N/A",B3K0H6
8061817,"Wholesale Club and Club Entrepôt","N/A","GREEK FETA & OREGANO DRESSING, 3.78 L","N/A",$36.99,N/A,"N/A",each,"N/A",2026-07-30T00:00:00-04:00,2026-08-19T23:59:59-04:00,"N/A",B3K0H6
8061817,"Wholesale Club and Club Entrepôt","N/A","SODA, 12 X 355 ML","N/A",$13.99,N/A,"N/A",each,"N/A",2026-07-30T00:00:00-04:00,2026-08-19T23:59:59-04:00,"N/A",B3K0H6
8061817,"Wholesale Club and Club Entrepôt","N/A","MAYONNAISE, 4 L","N/A",$24.99,N/A,"N/A",each,"N/A",2026-07-30T00:00:00-04:00,2026-08-19T23:59:59-04:00,"N/A",B3K0H6
8061817,"Wholesale Club and Club Entrepôt","N/A","PHILADELPHIA CREAM CHEESE SPREAD, 3 KG","N/A",$47.99,N/A,"N/A",each,"N/A",2026-07-30T00:00:00-04:00,2026-08-19T23:59:59-04:00,"N/A",B3K0H6
8061817,"Wholesale Club and Club Entrepôt","N/A","Rancher's Choice","N/A",N/A,N/A,"N/A",each,"N/A",2026-07-30T00:00:00-04:00,2026-08-19T23:59:59-04:00,"N/A",B3K0H6
8061817,"Wholesale Club and Club Entrepôt","N/A","BATHROOM TISSUE, 24'S","N/A",$18.99,N/A,"N/A",each,"N/A",2026-07-30T00:00:00-04:00,2026-08-19T23:59:59-04:00,"N/A",B3K0H6
8061817,"Wholesale Club and Club Entrepôt","N/A","ASSORTED PRODUCTS","N/A",N/A,N/A,"N/A",each,"N/A",2026-07-30T00:00:00-04:00,2026-08-19T23:59:59-04:00,"N/A",B3K0H6
8061817,"Wholesale Club and Club Entrepôt","N/A","PEANUT BUTTER BIG CUPS OR PEANUT BUTTER CUP BIG CHOCO LAVA, 16 X 79 G","N/A",$24.79,N/A,"N/A",each,"N/A",2026-07-30T00:00:00-04:00,2026-08-19T23:59:59-04:00,"N/A",B3K0H6
8061817,"Wholesale Club and Club Entrepôt","N/A","BATTERED OR BEEFEATER ONION RINGS, 4 KG","N/A",$35.49,N/A,"N/A",each,"N/A",2026-07-30T00:00:00-04:00,2026-08-19T23:59:59-04:00,"N/A",B3K0H6
8061817,"Wholesale Club and Club Entrepôt","N/A","JERK SEASONING HOT OR GREEN SEASONING TUB, 4.2 KG","N/A",$36.99,N/A,"N/A",each,"N/A",2026-07-30T00:00:00-04:00,2026-08-19T23:59:59-04:00,"N/A",B3K0H6
8061817,"Wholesale Club and Club Entrepôt","N/A","PORTION CUP LIDS, 1.5/2/2.5 OZ","N/A",$1.89,N/A,"N/A",each,"N/A",2026-07-30T00:00:00-04:00,2026-08-19T23:59:59-04:00,"N/A",B3K0H6
8061817,"Wholesale Club and Club Entrepôt","N/A","PREMIUM ICE CREAM, 11.4 L","N/A",$35.99,N/A,"N/A",each,"N/A",2026-07-30T00:00:00-04:00,2026-08-19T23:59:59-04:00,"N/A",B3K0H6
8061817,"Wholesale Club and Club Entrepôt","N/A","CHOCOLATES BARS, 18 X 39-51 G","N/A",$17.99,N/A,"N/A",each,"N/A",2026-07-30T00:00:00-04:00,2026-08-19T23:59:59-04:00,"N/A",B3K0H6
8061817,"Wholesale Club and Club Entrepôt","N/A","COOKIES, 300 G","N/A",$2.49,N/A,"N/A",each,"N/A",2026-07-30T00:00:00-04:00,2026-08-19T23:59:59-04:00,"N/A",B3K0H6
8061817,"Wholesale Club and Club Entrepôt","N/A","COCONUT MILK, 2.9 L","N/A",$13.49,N/A,"N/A",each,"N/A",2026-07-30T00:00:00-04:00,2026-08-19T23:59:59-04:00,"N/A",B3K0H6
8061817,"Wholesale Club and Club Entrepôt","N/A","COFFEE ENHANCER, 1.42 L","N/A",$6.99,N/A,"N/A",each,"N/A",2026-07-30T00:00:00-04:00,2026-08-19T23:59:59-04:00,"N/A",B3K0H6
8061817,"Wholesale Club and Club Entrepôt","N/A","ORIGINAL REDHOT SAUCE, 3.78 L","N/A",$16.99,N/A,"N/A",each,"N/A",2026-07-30T00:00:00-04:00,2026-08-19T23:59:59-04:00,"N/A",B3K0H6
8061817,"Wholesale Club and Club Entrepôt","N/A","PROFESSIONAL LIQUID LAUNDRY DETERGENT, 5.02 L","N/A",$32.99,N/A,"N/A",each,"N/A",2026-07-30T00:00:00-04:00,2026-08-19T23:59:59-04:00,"N/A",B3K0H6
8061817,"Wholesale Club and Club Entrepôt","N/A","SNACKS BAR, 12'S","N/A",$17.99,N/A,"N/A",each,"N/A",2026-07-30T00:00:00-04:00,2026-08-19T23:59:59-04:00,"N/A",B3K0H6
8061817,"Wholesale Club and Club Entrepôt","N/A","HOUSEHOLD CLEANING & PAPER ESSENTIALS","N/A",N/A,N/A,"N/A",each,"N/A",2026-07-30T00:00:00-04:00,2026-08-19T23:59:59-04:00,"N/A",B3K0H6
8061817,"Wholesale Club and Club Entrepôt","N/A","BEAR PAWS COOKIES, 490 G","N/A",$5.49,N/A,"N/A",each,"N/A",2026-07-30T00:00:00-04:00,2026-08-19T23:59:59-04:00,"N/A",B3K0H6
8061817,"Wholesale Club and Club Entrepôt","N/A","GUM BOTTLES, 6'S","N/A",$19.99,N/A,"N/A",each,"N/A",2026-07-30T00:00:00-04:00,2026-08-19T23:59:59-04:00,"N/A",B3K0H6
8061817,"Wholesale Club and Club Entrepôt","N/A","PACKAGED CANDY, (82 - 189 G)","N/A",N/A,N/A,"N/A",each,"N/A",2026-07-30T00:00:00-04:00,2026-08-19T23:59:59-04:00,"N/A",B3K0H6
8061817,"Wholesale Club and Club Entrepôt","N/A","SOFT DRINKS, 591 ML","N/A",$2.29,$2.79,"N/A",each,"N/A",2026-07-30T00:00:00-04:00,2026-08-19T23:59:59-04:00,"N/A",B3K0H6
8061817,"Wholesale Club and Club Entrepôt","N/A","PIZZA MOZZARELLA CHEESE, 2.3 KG","N/A",$28.99,$34.99,"N/A",each,"N/A",2026-07-30T00:00:00-04:00,2026-08-19T23:59:59-04:00,"N/A",B3K0H6
8061817,"Wholesale Club and Club Entrepôt","N/A","JUICE OR ICED TEA, 960 ML","N/A",$1.99,$2.29,"N/A",each,"N/A",2026-07-30T00:00:00-04:00,2026-08-19T23:59:59-04:00,"N/A",B3K0H6
8061817,"Wholesale Club and Club Entrepôt","N/A","CANDY OR CHOCOLATE BITES, 87-104 G","N/A",$2.59,N/A,"N/A",each,"N/A",2026-07-30T00:00:00-04:00,2026-08-19T23:59:59-04:00,"N/A",B3K0H6
8061817,"Wholesale Club and Club Entrepôt","N/A","Nestle Kit Kat, Aero or Crunch tablets","N/A",$1.75,N/A,"N/A",each,"N/A",2026-07-30T00:00:00-04:00,2026-08-19T23:59:59-04:00,"N/A",B3K0H6
8061817,"Wholesale Club and Club Entrepôt","N/A","CANDY CHEWS, 12 X 58 G","N/A",$11.99,N/A,"N/A",each,"N/A",2026-07-30T00:00:00-04:00,2026-08-19T23:59:59-04:00,"N/A",B3K0H6
8061817,"Wholesale Club and Club Entrepôt","N/A","CANDIES, 44-64 G","N/A",$17.49,N/A,"N/A",each,"N/A",2026-07-30T00:00:00-04:00,2026-08-19T23:59:59-04:00,"N/A",B3K0H6
8061817,"Wholesale Club and Club Entrepôt","N/A","PEANUT BUTTER CUP OR COOKIE N CREME, 24 X 62-85 G","N/A",$36.99,N/A,"N/A",each,"N/A",2026-07-30T00:00:00-04:00,2026-08-19T23:59:59-04:00,"N/A",B3K0H6
8061817,"Wholesale Club and Club Entrepôt","N/A","CHECKERED PAPER, 2000'S","N/A",$33.99,N/A,"N/A",each,"N/A",2026-07-30T00:00:00-04:00,2026-08-19T23:59:59-04:00,"N/A",B3K0H6
8061817,"Wholesale Club and Club Entrepôt","N/A","GUM BOTTLES, 6'S","N/A",$22.99,N/A,"N/A",each,"N/A",2026-07-30T00:00:00-04:00,2026-08-19T23:59:59-04:00,"N/A",B3K0H6
8061817,"Wholesale Club and Club Entrepôt","N/A","QUALITY CHILLY CRUSHED, GINGER POWDER OR PAPRIKA POWDER, 5 LB","N/A",$18.99,N/A,"N/A",each,"N/A",2026-07-30T00:00:00-04:00,2026-08-19T23:59:59-04:00,"N/A",B3K0H6
8061817,"Wholesale Club and Club Entrepôt","N/A","THE GREAT CANADIAN APPETIZER COMPANY EASY MELT CHEDDAR FLAVOURED CHEESE SHREDS, 2.27 KG","N/A",$28.99,N/A,"N/A",each,"N/A",2026-07-30T00:00:00-04:00,2026-08-19T23:59:59-04:00,"N/A",B3K0H6
8061817,"Wholesale Club and Club Entrepôt","N/A","ENERGY DRINKS, 12 X 473 ML","N/A",$22.99,N/A,"N/A",each,"N/A",2026-07-30T00:00:00-04:00,2026-08-19T23:59:59-04:00,"N/A",B3K0H6
8061817,"Wholesale Club and Club Entrepôt","N/A","BATTERED OR BEEFEATER ONION RINGS, 4 KG","N/A",$35.49,N/A,"N/A",each,"N/A",2026-07-30T00:00:00-04:00,2026-08-19T23:59:59-04:00,"N/A",B3K0H6
8061817,"Wholesale Club and Club Entrepôt","N/A","BREADED PICKLE SPEARS, 10 servings per bag","N/A",$14.99,N/A,"N/A",each,"N/A",2026-07-30T00:00:00-04:00,2026-08-19T23:59:59-04:00,"N/A",B3K0H6
8061817,"Wholesale Club and Club Entrepôt","N/A","CANDY ROPES 283 G OR NIBS OR PULL 'N' PEEL 311- 454 G","N/A",$2.99,N/A,"N/A",each,"N/A",2026-07-30T00:00:00-04:00,2026-08-19T23:59:59-04:00,"N/A",B3K0H6
8061817,"Wholesale Club and Club Entrepôt","N/A","CHOCOLATE BARS, 36 X 39-45 G","N/A",$35.99,N/A,"N/A",each,"N/A",2026-07-30T00:00:00-04:00,2026-08-19T23:59:59-04:00,"N/A",B3K0H6
8061817,"Wholesale Club and Club Entrepôt","N/A","FAMILY SIZE CEREAL, 450-650 G","N/A",$6.49,N/A,"N/A",each,"N/A",2026-07-30T00:00:00-04:00,2026-08-19T23:59:59-04:00,"N/A",B3K0H6
8061817,"Wholesale Club and Club Entrepôt","N/A","KING CHOCOLATE BARS, 24'S","N/A",$47.99,N/A,"N/A",each,"N/A",2026-07-30T00:00:00-04:00,2026-08-19T23:59:59-04:00,"N/A",B3K0H6
8061817,"Wholesale Club and Club Entrepôt","N/A","PLANT-BASED BRICK, 454 G","N/A",$3.99,N/A,"N/A",each,"N/A",2026-07-30T00:00:00-04:00,2026-08-19T23:59:59-04:00,"N/A",B3K0H6
8061817,"Wholesale Club and Club Entrepôt","N/A","BROWN GRAVY MIX, 467 G","N/A",$6.49,N/A,"N/A",each,"N/A",2026-07-30T00:00:00-04:00,2026-08-19T23:59:59-04:00,"N/A",B3K0H6
8061817,"Wholesale Club and Club Entrepôt","N/A","COLESLAW","N/A",N/A,N/A,"N/A",each,"N/A",2026-07-30T00:00:00-04:00,2026-08-19T23:59:59-04:00,"N/A",B3K0H6
8061817,"Wholesale Club and Club Entrepôt","N/A","PIZZA BOX, 12"", 50'S","N/A",$25.99,N/A,"N/A",each,"N/A",2026-07-30T00:00:00-04:00,2026-08-19T23:59:59-04:00,"N/A",B3K0H6
8061817,"Wholesale Club and Club Entrepôt","N/A","NIBS OR STRAWBERRY, 24 X 75-90 G","N/A",$23.99,N/A,"N/A",each,"N/A",2026-07-30T00:00:00-04:00,2026-08-19T23:59:59-04:00,"N/A",B3K0H6
8061817,"Wholesale Club and Club Entrepôt","N/A","MINI CELLO BAGS, 76-203 G","N/A",$4.69,N/A,"N/A",each,"N/A",2026-07-30T00:00:00-04:00,2026-08-19T23:59:59-04:00,"N/A",B3K0H6
8061817,"Wholesale Club and Club Entrepôt","N/A","VITAMIN WATER, 12 X 591 ML","N/A",$21.99,N/A,"N/A",each,"N/A",2026-07-30T00:00:00-04:00,2026-08-19T23:59:59-04:00,"N/A",B3K0H6
8061817,"Wholesale Club and Club Entrepôt","N/A","GRANOLA BARS, 28'S, FRUIT BY THE FOOT, 30'S OR FRUITSATIONS FRUIT AND VEGGIE SNACKS, 40'S, 637 G-1.27 KG","N/A",$11.99,N/A,"N/A",each,"N/A",2026-07-30T00:00:00-04:00,2026-08-19T23:59:59-04:00,"N/A",B3K0H6
8061817,"Wholesale Club and Club Entrepôt","N/A","PEANUT BUTTER CUPS, 48 X 46 G","N/A",$47.99,N/A,"N/A",each,"N/A",2026-07-30T00:00:00-04:00,2026-08-19T23:59:59-04:00,"N/A",B3K0H6
8061817,"Wholesale Club and Club Entrepôt","N/A","PEANUT OR MILK CHOCOLATE CELEBRATION SIZE, 800 G","N/A",$16.49,N/A,"N/A",each,"N/A",2026-07-30T00:00:00-04:00,2026-08-19T23:59:59-04:00,"N/A",B3K0H6
8061817,"Wholesale Club and Club Entrepôt","N/A","SNACKPACK PUDDING OR JUICY GELS","N/A",$2.19,N/A,"N/A",each,"N/A",2026-07-30T00:00:00-04:00,2026-08-19T23:59:59-04:00,"N/A",B3K0H6
8061817,"Wholesale Club and Club Entrepôt","N/A","MISFITS GUMMIES CANDY, 18 X 60 G","N/A",$17.99,N/A,"N/A",each,"N/A",2026-07-30T00:00:00-04:00,2026-08-19T23:59:59-04:00,"N/A",B3K0H6
8061817,"Wholesale Club and Club Entrepôt","N/A","ICED TEA, 24 X 341 ML","N/A",$13.49,N/A,"N/A",each,"N/A",2026-07-30T00:00:00-04:00,2026-08-19T23:59:59-04:00,"N/A",B3K0H6
8061817,"Wholesale Club and Club Entrepôt","N/A","CHOCOLATE SINGLES","N/A",N/A,N/A,"N/A",each,"N/A",2026-07-30T00:00:00-04:00,2026-08-19T23:59:59-04:00,"N/A",B3K0H6
8061817,"Wholesale Club and Club Entrepôt","N/A","ENERGY DRINKS, 12 X 250 ML","N/A",$22.99,N/A,"N/A",each,"N/A",2026-07-30T00:00:00-04:00,2026-08-19T23:59:59-04:00,"N/A",B3K0H6
8061817,"Wholesale Club and Club Entrepôt","N/A","STICKS CHOCOLATE BARS, 20 X 42 G","N/A",$19.99,N/A,"N/A",each,"N/A",2026-07-30T00:00:00-04:00,2026-08-19T23:59:59-04:00,"N/A",B3K0H6
8061817,"Wholesale Club and Club Entrepôt","N/A","MEAT OR SEAFOOD SELECTION, 200 G - 1.8 KG","N/A",$10.00,N/A,"N/A",each,"N/A",2026-07-30T00:00:00-04:00,2026-08-19T23:59:59-04:00,"N/A",B3K0H6
8061817,"Wholesale Club and Club Entrepôt","N/A","CANDY, 130-170 G","N/A",$3.49,N/A,"N/A",each,"N/A",2026-07-30T00:00:00-04:00,2026-08-19T23:59:59-04:00,"N/A",B3K0H6
8061817,"Wholesale Club and Club Entrepôt","N/A","DUSTER REFILLS, 16'S","N/A",$17.99,N/A,"N/A",each,"N/A",2026-07-30T00:00:00-04:00,2026-08-19T23:59:59-04:00,"N/A",B3K0H6
8061817,"Wholesale Club and Club Entrepôt","N/A","PAPER PLATES, 125'S","N/A",$13.99,N/A,"N/A",each,"N/A",2026-07-30T00:00:00-04:00,2026-08-19T23:59:59-04:00,"N/A",B3K0H6
8061817,"Wholesale Club and Club Entrepôt","N/A","REESES COOKIE N CREME, 24 X 79 G","N/A",N/A,N/A,"N/A",each,"N/A",2026-07-30T00:00:00-04:00,2026-08-19T23:59:59-04:00,"N/A",B3K0H6
8061817,"Wholesale Club and Club Entrepôt","N/A","DAWN PLATINUM DISHWASHING LIQUID, 2.01 L","N/A",$11.99,N/A,"N/A",each,"N/A",2026-07-30T00:00:00-04:00,2026-08-19T23:59:59-04:00,"N/A",B3K0H6
8061817,"Wholesale Club and Club Entrepôt","N/A","CHOCOLATE SINGLES","N/A",N/A,N/A,"N/A",each,"N/A",2026-07-30T00:00:00-04:00,2026-08-19T23:59:59-04:00,"N/A",B3K0H6
8061817,"Wholesale Club and Club Entrepôt","N/A","SPRING WATER GLASS, 12 X 750 ML","N/A",$26.99,N/A,"N/A",each,"N/A",2026-07-30T00:00:00-04:00,2026-08-19T23:59:59-04:00,"N/A",B3K0H6
8061817,"Wholesale Club and Club Entrepôt","N/A","VEGETABLE SPRING ROLLS, 2.8 KG","N/A",$13.99,N/A,"N/A",each,"N/A",2026-07-30T00:00:00-04:00,2026-08-19T23:59:59-04:00,"N/A",B3K0H6
8061817,"Wholesale Club and Club Entrepôt","N/A","ZESTY ITALIAN DRESSING, 3.78 L","N/A",$36.99,N/A,"N/A",each,"N/A",2026-07-30T00:00:00-04:00,2026-08-19T23:59:59-04:00,"N/A",B3K0H6
8061817,"Wholesale Club and Club Entrepôt","N/A","SLICES PROCESSED CHEESE PRODUCT, 410 G","N/A",$3.49,N/A,"N/A",each,"N/A",2026-07-30T00:00:00-04:00,2026-08-19T23:59:59-04:00,"N/A",B3K0H6
8061817,"Wholesale Club and Club Entrepôt","N/A","MAYONNAISE, 16 L","N/A",$89.99,N/A,"N/A",each,"N/A",2026-07-30T00:00:00-04:00,2026-08-19T23:59:59-04:00,"N/A",B3K0H6
8061817,"Wholesale Club and Club Entrepôt","N/A","SAUSAGE SNACK, 112 G","N/A",$5.49,N/A,"N/A",each,"N/A",2026-07-30T00:00:00-04:00,2026-08-19T23:59:59-04:00,"N/A",B3K0H6
8061817,"Wholesale Club and Club Entrepôt","N/A","Battered Zucchini Sticks","N/A",$24.49,N/A,"N/A",each,"N/A",2026-07-30T00:00:00-04:00,2026-08-19T23:59:59-04:00,"N/A",B3K0H6
8061817,"Wholesale Club and Club Entrepôt","N/A","JUMBO CEREAL, 730 G-1.01 KG","N/A",$9.49,N/A,"N/A",each,"N/A",2026-07-30T00:00:00-04:00,2026-08-19T23:59:59-04:00,"N/A",B3K0H6
8061817,"Wholesale Club and Club Entrepôt","N/A","EXCEL","N/A",N/A,N/A,"N/A",each,"N/A",2026-07-30T00:00:00-04:00,2026-08-19T23:59:59-04:00,"N/A",B3K0H6
8061817,"Wholesale Club and Club Entrepôt","N/A","PLUM SAUCE, 4 L","N/A",$18.99,N/A,"N/A",each,"N/A",2026-07-30T00:00:00-04:00,2026-08-19T23:59:59-04:00,"N/A",B3K0H6
8061817,"Wholesale Club and Club Entrepôt","N/A","PODS LAUNDRY DETERGENT, 18-31'S, LAUNDRY DETERGENT, 1.86 L, LIQUID FABRIC SOFTENER, 1.66/2.63 L OR SCENT BOOSTERS, 379 G","N/A",$11.99,N/A,"N/A",each,"N/A",2026-07-30T00:00:00-04:00,2026-08-19T23:59:59-04:00,"N/A",B3K0H6
8061817,"Wholesale Club and Club Entrepôt","N/A","BATHROOM TISSUE, 15=30 ROLLS","N/A",$8.99,N/A,"N/A",each,"N/A",2026-07-30T00:00:00-04:00,2026-08-19T23:59:59-04:00,"N/A",B3K0H6
8061817,"Wholesale Club and Club Entrepôt","N/A","CHOCOLATE SYRUP, 510/700 ML","N/A",$6.99,$8.49,"N/A",each,"N/A",2026-07-30T00:00:00-04:00,2026-08-19T23:59:59-04:00,"N/A",B3K0H6
8061817,"Wholesale Club and Club Entrepôt","N/A","SHRIMPS, 41 / 50 PER LB.","N/A",$18.99,N/A,"N/A",each,"N/A",2026-07-30T00:00:00-04:00,2026-08-19T23:59:59-04:00,"N/A",B3K0H6
8061817,"Wholesale Club and Club Entrepôt","N/A","KRAFT RANCHER'S CHOICE, 3.78 L","N/A",$32.99,N/A,"N/A",each,"N/A",2026-07-30T00:00:00-04:00,2026-08-19T23:59:59-04:00,"N/A",B3K0H6
8061817,"Wholesale Club and Club Entrepôt","N/A","NATURALY FLAVORED SPARKLING WATER, 12 X 355 ML OR 10 X 355 ML","N/A",$6.49,N/A,"N/A",each,"N/A",2026-07-30T00:00:00-04:00,2026-08-19T23:59:59-04:00,"N/A",B3K0H6
8061817,"Wholesale Club and Club Entrepôt","N/A","SELLA BASMATI RICE, 18.2 KG","N/A",$54.99,N/A,"N/A",each,"N/A",2026-07-30T00:00:00-04:00,2026-08-19T23:59:59-04:00,"N/A",B3K0H6
8061817,"Wholesale Club and Club Entrepôt","N/A","HOT BANANA PEPPER RINGS, 3.78 L","N/A",$11.49,$14.99,"N/A",each,"N/A",2026-07-30T00:00:00-04:00,2026-08-19T23:59:59-04:00,"N/A",B3K0H6
8061817,"Wholesale Club and Club Entrepôt","N/A","TURNOVER COOKIES, 300 G","N/A",$2.79,N/A,"N/A",each,"N/A",2026-07-30T00:00:00-04:00,2026-08-19T23:59:59-04:00,"N/A",B3K0H6
8061817,"Wholesale Club and Club Entrepôt","N/A","Miss Vickie's® kettle cooked potato chips","N/A",N/A,N/A,"N/A",each,"N/A",2026-07-30T00:00:00-04:00,2026-08-19T23:59:59-04:00,"N/A",B3K0H6
8061817,"Wholesale Club and Club Entrepôt","N/A","CRIPSY RUFFLED CHICKEN BREAST STRIPS, 5.67 KG","N/A",$134.99,N/A,"N/A",each,"N/A",2026-07-30T00:00:00-04:00,2026-08-19T23:59:59-04:00,"N/A",B3K0H6
8061817,"Wholesale Club and Club Entrepôt","N/A","SOY SAUCE, 8 L","N/A",$28.99,N/A,"N/A",each,"N/A",2026-07-30T00:00:00-04:00,2026-08-19T23:59:59-04:00,"N/A",B3K0H6
8061817,"Wholesale Club and Club Entrepôt","N/A","Golden Italian","N/A",N/A,N/A,"N/A",each,"N/A",2026-07-30T00:00:00-04:00,2026-08-19T23:59:59-04:00,"N/A",B3K0H6
8061817,"Wholesale Club and Club Entrepôt","N/A","PEANUT BUTTER CUPS MILK CHOCOLATE, 165 G","N/A",$4.99,N/A,"N/A",each,"N/A",2026-07-30T00:00:00-04:00,2026-08-19T23:59:59-04:00,"N/A",B3K0H6
8061817,"Wholesale Club and Club Entrepôt","N/A","SMOKED BLACK FOREST HAM","N/A",N/A,N/A,"N/A",each,"N/A",2026-07-30T00:00:00-04:00,2026-08-19T23:59:59-04:00,"N/A",B3K0H6
8061817,"Wholesale Club and Club Entrepôt","N/A","JAMAICAN STYLE BEEF PATTIES, 1.17 KG","N/A",$11.49,N/A,"N/A",each,"N/A",2026-07-30T00:00:00-04:00,2026-08-19T23:59:59-04:00,"N/A",B3K0H6
8061817,"Wholesale Club and Club Entrepôt","N/A","HYDRATION BEVERAGE & RECOVERY DRINK, 12 X 625 ML","N/A",$27.99,N/A,"N/A",each,"N/A",2026-07-30T00:00:00-04:00,2026-08-19T23:59:59-04:00,"N/A",B3K0H6
8061817,"Wholesale Club and Club Entrepôt","N/A","CLIF BAR, 12 X 68 G","N/A",$17.99,N/A,"N/A",each,"N/A",2026-07-30T00:00:00-04:00,2026-08-19T23:59:59-04:00,"N/A",B3K0H6
8061817,"Wholesale Club and Club Entrepôt","N/A","FAMILY BARS, 90-120 g","N/A",$2.49,N/A,"N/A",each,"N/A",2026-07-30T00:00:00-04:00,2026-08-19T23:59:59-04:00,"N/A",B3K0H6
8061817,"Wholesale Club and Club Entrepôt","N/A","NATURALLY IMPERFECT FROZEN FRUIT, 2 KG","N/A",$14.00,N/A,"N/A",each,"N/A",2026-07-30T00:00:00-04:00,2026-08-19T23:59:59-04:00,"N/A",B3K0H6
8061817,"Wholesale Club and Club Entrepôt","N/A","CLAMATO COCKTAIL, 1.89 L","N/A",$3.99,N/A,"N/A",each,"N/A",2026-07-30T00:00:00-04:00,2026-08-19T23:59:59-04:00,"N/A",B3K0H6
8061817,"Wholesale Club and Club Entrepôt","N/A","ROLLED TORTILLA CHIPS, 18'S","N/A",$27.49,N/A,"N/A",each,"N/A",2026-07-30T00:00:00-04:00,2026-08-19T23:59:59-04:00,"N/A",B3K0H6
8061817,"Wholesale Club and Club Entrepôt","N/A","Miracle Whip Spread","N/A",$9.95,N/A,"N/A",each,"N/A",2026-07-30T00:00:00-04:00,2026-08-19T23:59:59-04:00,"N/A",B3K0H6
8061817,"Wholesale Club and Club Entrepôt","N/A","ICE CREAM, 11.4 L","N/A",$25.00,N/A,"N/A",each,"N/A",2026-07-30T00:00:00-04:00,2026-08-19T23:59:59-04:00,"N/A",B3K0H6
8061817,"Wholesale Club and Club Entrepôt","N/A","SPREAD, 3.78 L","N/A",$28.99,N/A,"N/A",each,"N/A",2026-07-30T00:00:00-04:00,2026-08-19T23:59:59-04:00,"N/A",B3K0H6
8061817,"Wholesale Club and Club Entrepôt","N/A","BIRCH ICE-CREAM COMPOSTABLE SPOONS, 1000'S","N/A",$8.99,N/A,"N/A",each,"N/A",2026-07-30T00:00:00-04:00,2026-08-19T23:59:59-04:00,"N/A",B3K0H6
8061817,"Wholesale Club and Club Entrepôt","N/A","CHOCOLATE FAMILY BARS, 80-105G","N/A",$2.99,N/A,"N/A",each,"N/A",2026-07-30T00:00:00-04:00,2026-08-19T23:59:59-04:00,"N/A",B3K0H6
8061817,"Wholesale Club and Club Entrepôt","N/A","BEEF BURGERS, 20'S","N/A",$29.99,N/A,"N/A",each,"N/A",2026-07-30T00:00:00-04:00,2026-08-19T23:59:59-04:00,"N/A",B3K0H6
8061817,"Wholesale Club and Club Entrepôt","N/A","WAFFLE CONE OR CHOCOLATE CARAMEL & SEA SALT OR CARAMEL & SEA SALT, 90-120 G","N/A",$2.59,N/A,"N/A",each,"N/A",2026-07-30T00:00:00-04:00,2026-08-19T23:59:59-04:00,"N/A",B3K0H6
8061817,"Wholesale Club and Club Entrepôt","N/A","SOFT DRINKS, 24 X 370 ML, case of 24","N/A",$34.99,N/A,"N/A",each,"N/A",2026-07-30T00:00:00-04:00,2026-08-19T23:59:59-04:00,"N/A",B3K0H6
8061817,"Wholesale Club and Club Entrepôt","N/A","CHILLI POWDER, 4.55 KG","N/A",$28.99,N/A,"N/A",each,"N/A",2026-07-30T00:00:00-04:00,2026-08-19T23:59:59-04:00,"N/A",B3K0H6
8061817,"Wholesale Club and Club Entrepôt","N/A","BATHROOM TISSUE, 2 PLY, 4'S","N/A",$15.99,N/A,"N/A",each,"N/A",2026-07-30T00:00:00-04:00,2026-08-19T23:59:59-04:00,"N/A",B3K0H6
8061817,"Wholesale Club and Club Entrepôt","N/A","COOKIES, 251-303 G","N/A",$3.49,N/A,"N/A",each,"N/A",2026-07-30T00:00:00-04:00,2026-08-19T23:59:59-04:00,"N/A",B3K0H6
8061817,"Wholesale Club and Club Entrepôt","N/A","RICE KRISPIES SQUARES 176 G, NUTRI-GRAIN CEREAL BARS 295 G, SPECIAL K FRUIT CRISPS 125 G OR POP-TARTS PASTRIES 384 G","N/A",$2.99,N/A,"N/A",each,"N/A",2026-07-30T00:00:00-04:00,2026-08-19T23:59:59-04:00,"N/A",B3K0H6
8061817,"Wholesale Club and Club Entrepôt","N/A","GENERAL MILLS JUMBO CEREAL, 825 G-1.3 KG","N/A",$9.99,N/A,"N/A",each,"N/A",2026-07-30T00:00:00-04:00,2026-08-19T23:59:59-04:00,"N/A",B3K0H6
8061817,"Wholesale Club and Club Entrepôt","N/A","THEATRE BOX, 105-141 g","N/A",$1.89,N/A,"N/A",each,"N/A",2026-07-30T00:00:00-04:00,2026-08-19T23:59:59-04:00,"N/A",B3K0H6
8061817,"Wholesale Club and Club Entrepôt","N/A","CHECKERED FOOD TRAYS, 2 LB, 50'S","N/A",$2.29,N/A,"N/A",each,"N/A",2026-07-30T00:00:00-04:00,2026-08-19T23:59:59-04:00,"N/A",B3K0H6
8061817,"Wholesale Club and Club Entrepôt","N/A","PEG CANDY, 170-198 g","N/A",$2.09,N/A,"N/A",each,"N/A",2026-07-30T00:00:00-04:00,2026-08-19T23:59:59-04:00,"N/A",B3K0H6
8061817,"Wholesale Club and Club Entrepôt","N/A","KING BARS","N/A",N/A,N/A,"N/A",each,"N/A",2026-07-30T00:00:00-04:00,2026-08-19T23:59:59-04:00,"N/A",B3K0H6
8061817,"Wholesale Club and Club Entrepôt","N/A","TAQUITOS, 595 G","N/A",$12.99,N/A,"N/A",each,"N/A",2026-07-30T00:00:00-04:00,2026-08-19T23:59:59-04:00,"N/A",B3K0H6
8061817,"Wholesale Club and Club Entrepôt","N/A","CHOCOLATE POUCHES, 160-290 g","N/A",$4.89,N/A,"N/A",each,"N/A",2026-07-30T00:00:00-04:00,2026-08-19T23:59:59-04:00,"N/A",B3K0H6
8061817,"Wholesale Club and Club Entrepôt","N/A","AGED BASMATI RICE, 18.1 KG","N/A",$44.99,N/A,"N/A",each,"N/A",2026-07-30T00:00:00-04:00,2026-08-19T23:59:59-04:00,"N/A",B3K0H6
8061817,"Wholesale Club and Club Entrepôt","N/A","BATTERED MACARONI & CHEESE WEDGE","N/A",$19.99,N/A,"N/A",each,"N/A",2026-07-30T00:00:00-04:00,2026-08-19T23:59:59-04:00,"N/A",B3K0H6
8061817,"Wholesale Club and Club Entrepôt","N/A","GUM, 12'S","N/A",$11.49,N/A,"N/A",each,"N/A",2026-07-30T00:00:00-04:00,2026-08-19T23:59:59-04:00,"N/A",B3K0H6
8061817,"Wholesale Club and Club Entrepôt","N/A","DOME LIDS, 9-24 OZ, 50'S","N/A",$3.19,N/A,"N/A",each,"N/A",2026-07-30T00:00:00-04:00,2026-08-19T23:59:59-04:00,"N/A",B3K0H6
8061817,"Wholesale Club and Club Entrepôt","N/A","VARIETY PACK SNACKS, 42 X 28 G","N/A",$19.99,N/A,"N/A",each,"N/A",2026-07-30T00:00:00-04:00,2026-08-19T23:59:59-04:00,"N/A",B3K0H6
8061817,"Wholesale Club and Club Entrepôt","N/A","PLATINUM LIQUID 2.93 L OR WET REFILL, 24'S","N/A",$10.99,N/A,"N/A",each,"N/A",2026-07-30T00:00:00-04:00,2026-08-19T23:59:59-04:00,"N/A",B3K0H6
8061817,"Wholesale Club and Club Entrepôt","N/A","BREAKFAST SAUSAGES, 5 KG","N/A",$56.99,N/A,"N/A",each,"N/A",2026-07-30T00:00:00-04:00,2026-08-19T23:59:59-04:00,"N/A",B3K0H6
8061817,"Wholesale Club and Club Entrepôt","N/A","KETCHUP,2.84 L","N/A",$9.99,N/A,"N/A",each,"N/A",2026-07-30T00:00:00-04:00,2026-08-19T23:59:59-04:00,"N/A",B3K0H6
8061817,"Wholesale Club and Club Entrepôt","N/A","COOKIES, 224-303 G","N/A",$3.49,N/A,"N/A",each,"N/A",2026-07-30T00:00:00-04:00,2026-08-19T23:59:59-04:00,"N/A",B3K0H6
8061817,"Wholesale Club and Club Entrepôt","N/A","ORIGINAL ICE CREAM, FROZEN YOGURT OR SORBET, 11.4 L","N/A",$29.99,N/A,"N/A",each,"N/A",2026-07-30T00:00:00-04:00,2026-08-19T23:59:59-04:00,"N/A",B3K0H6
8061817,"Wholesale Club and Club Entrepôt","N/A","ENERGY DRINKS, 12 X 473 ML","N/A",$23.99,N/A,"N/A",each,"N/A",2026-07-30T00:00:00-04:00,2026-08-19T23:59:59-04:00,"N/A",B3K0H6
8061817,"Wholesale Club and Club Entrepôt","N/A","PLANT-BASED, 40'S","N/A",$99.99,$109.99,"N/A",each,"N/A",2026-07-30T00:00:00-04:00,2026-08-19T23:59:59-04:00,"N/A",B3K0H6
8061817,"Wholesale Club and Club Entrepôt","N/A","SUNDAE CUPS ICE CREAM, 12 X 115 G","N/A",$7.99,N/A,"N/A",each,"N/A",2026-07-30T00:00:00-04:00,2026-08-19T23:59:59-04:00,"N/A",B3K0H6
8061817,"Wholesale Club and Club Entrepôt","N/A","DARE CANDY","N/A",$4.49,N/A,"N/A",each,"N/A",2026-07-30T00:00:00-04:00,2026-08-19T23:59:59-04:00,"N/A",B3K0H6
8061817,"Wholesale Club and Club Entrepôt","N/A","CHOCOLATE POUCHES, 160-235 G","N/A",$4.99,N/A,"N/A",each,"N/A",2026-07-30T00:00:00-04:00,2026-08-19T23:59:59-04:00,"N/A",B3K0H6
8061817,"Wholesale Club and Club Entrepôt","N/A","LIQUID, 100 LD OR PLUS TRF, 77 ML","N/A",$15.99,N/A,"N/A",each,"N/A",2026-07-30T00:00:00-04:00,2026-08-19T23:59:59-04:00,"N/A",B3K0H6
8061817,"Wholesale Club and Club Entrepôt","N/A","AUTO DISH DETERGENT, 10 L","N/A",$51.99,N/A,"N/A",each,"N/A",2026-07-30T00:00:00-04:00,2026-08-19T23:59:59-04:00,"N/A",B3K0H6
8061817,"Wholesale Club and Club Entrepôt","N/A","BUENO CANDY BARS, 20'S","N/A",$26.99,N/A,"N/A",each,"N/A",2026-07-30T00:00:00-04:00,2026-08-19T23:59:59-04:00,"N/A",B3K0H6
8061817,"Wholesale Club and Club Entrepôt","N/A","SNACK CAKES INDIVIDUALLY WRAPPED, 250-336 G","N/A",$4.49,N/A,"N/A",each,"N/A",2026-07-30T00:00:00-04:00,2026-08-19T23:59:59-04:00,"N/A",B3K0H6
8061817,"Wholesale Club and Club Entrepôt","N/A","LEE KUM KEE CHEF'S SELECT SOY SAUCE,19 L","N/A",$54.99,N/A,"N/A",each,"N/A",2026-07-30T00:00:00-04:00,2026-08-19T23:59:59-04:00,"N/A",B3K0H6
8061817,"Wholesale Club and Club Entrepôt","N/A","BATTERED MOZZARELLA STICKS, 22 SERVINGS PER CASE","N/A",$55.99,N/A,"N/A",each,"N/A",2026-07-30T00:00:00-04:00,2026-08-19T23:59:59-04:00,"N/A",B3K0H6
8061817,"Wholesale Club and Club Entrepôt","N/A","SCOTCH BONNET HOT PEPPERS","N/A",$6.80,N/A,"N/A",each,"N/A",2026-07-30T00:00:00-04:00,2026-08-19T23:59:59-04:00,"N/A",B3K0H6
8079593,"Walmart","N/A","Campbell's soup","N/A",$1.77,$2.27,"N/A",each,"N/A",2026-08-13T00:00:00-04:00,2026-08-19T23:59:59-04:00,"N/A",B3K0H6
8079593,"Walmart","N/A","Your Fresh Market™ muffins","N/A",$5.78,$6.44,"N/A",each,"N/A",2026-08-13T00:00:00-04:00,2026-08-19T23:59:59-04:00,"N/A",B3K0H6
8079593,"Walmart","N/A","Equate high protein meal replacement shakes","N/A",$10.97,N/A,"N/A",each,"N/A",2026-08-13T00:00:00-04:00,2026-08-19T23:59:59-04:00,"N/A",B3K0H6
8079593,"Walmart","N/A","MadeGood granola bars","N/A",$2.28,$3.97,"N/A",each,"N/A",2026-08-13T00:00:00-04:00,2026-08-19T23:59:59-04:00,"N/A",B3K0H6
8079593,"Walmart","N/A","Snack Pack puddings","N/A",$1.98,N/A,"N/A",each,"N/A",2026-08-13T00:00:00-04:00,2026-08-19T23:59:59-04:00,"N/A",B3K0H6
8079593,"Walmart","N/A","Idahoan instant mashed potatoes","N/A",$1.77,$1.97,"N/A",each,"N/A",2026-08-13T00:00:00-04:00,2026-08-19T23:59:59-04:00,"N/A",B3K0H6
8079593,"Walmart","N/A","Cheez-It crackers","N/A",$1.97,$3.78,"N/A",each,"N/A",2026-08-13T00:00:00-04:00,2026-08-19T23:59:59-04:00,"N/A",B3K0H6
8079593,"Walmart","N/A","Jell-O snack cups","N/A",$2.78,$3.57,"N/A",each,"N/A",2026-08-13T00:00:00-04:00,2026-08-19T23:59:59-04:00,"N/A",B3K0H6
8079593,"Walmart","N/A","Thai Chef instant noodles 5-pack","N/A",$2.97,N/A,"N/A",each,"N/A",2026-08-13T00:00:00-04:00,2026-08-19T23:59:59-04:00,"N/A",B3K0H6
8079593,"Walmart","N/A","Kpop Demon Hunters Pencils Cases","N/A",$7.97,N/A,"N/A",each,"N/A",2026-08-13T00:00:00-04:00,2026-08-19T23:59:59-04:00,"N/A",B3K0H6
8079593,"Walmart","N/A","Dove Men + Care Ted Lasso deodorant","N/A",$8.96,N/A,"N/A",each,"N/A",2026-08-13T00:00:00-04:00,2026-08-19T23:59:59-04:00,"N/A",B3K0H6
8079593,"Walmart","N/A","Shanghai bok choy","N/A",$2.28,N/A,"N/A",each,"N/A",2026-08-13T00:00:00-04:00,2026-08-19T23:59:59-04:00,"N/A",B3K0H6
8079593,"Walmart","N/A","Pen+Gear binders","N/A",$4.97,$5.47,"N/A",each,"N/A",2026-08-13T00:00:00-04:00,2026-08-19T23:59:59-04:00,"N/A",B3K0H6
8079593,"Walmart","N/A","Pearl Milling Company Syrup","N/A",$3.97,N/A,"N/A",each,"N/A",2026-08-13T00:00:00-04:00,2026-08-19T23:59:59-04:00,"N/A",B3K0H6
8079593,"Walmart","N/A","Equate high protein meal replacement shakes","N/A",$10.97,N/A,"N/A",each,"N/A",2026-08-13T00:00:00-04:00,2026-08-19T23:59:59-04:00,"N/A",B3K0H6
8079593,"Walmart","N/A","Funtainer 10-oz. food jar","N/A",$17.97,$19.97,"N/A",each,"N/A",2026-08-13T00:00:00-04:00,2026-08-19T23:59:59-04:00,"N/A",B3K0H6
8079593,"Walmart","N/A","Natrel 1% chocolate milk","N/A",$4.44,$6.46,"N/A",each,"N/A",2026-08-13T00:00:00-04:00,2026-08-19T23:59:59-04:00,"N/A",B3K0H6
8079593,"Walmart","N/A","CANON PIXMA TR4725 inkjet printer","N/A",$59.98,$99.98,"N/A",each,"N/A",2026-08-13T00:00:00-04:00,2026-08-19T23:59:59-04:00,"N/A",B3K0H6
8079593,"Walmart","N/A","Buckley's Complete syrup","N/A",$15.17,$18.47,"N/A",each,"N/A",2026-08-13T00:00:00-04:00,2026-08-19T23:59:59-04:00,"N/A",B3K0H6
8079593,"Walmart","N/A","Ottogi Jin Ramen multipack","N/A",$5.98,$6.97,"N/A",each,"N/A",2026-08-13T00:00:00-04:00,2026-08-19T23:59:59-04:00,"N/A",B3K0H6
8079593,"Walmart","N/A","Royale 2-ply bathroom tissue 24 = 48 rolls","N/A",$11.97,$14.97,"N/A",each,"N/A",2026-08-13T00:00:00-04:00,2026-08-19T23:59:59-04:00,"N/A",B3K0H6
8079593,"Walmart","N/A","Buckley's Complete syrup","N/A",$15.17,$18.47,"N/A",each,"N/A",2026-08-13T00:00:00-04:00,2026-08-19T23:59:59-04:00,"N/A",B3K0H6
8079593,"Walmart","N/A","Dry-erase markers","N/A",$5.48,$8.58,"N/A",each,"N/A",2026-08-13T00:00:00-04:00,2026-08-19T23:59:59-04:00,"N/A",B3K0H6
8079593,"Walmart","N/A","Great Value frozen meat, seafood or appetizers value packs","N/A",$9.98,N/A,"N/A",each,"N/A",2026-08-13T00:00:00-04:00,2026-08-19T23:59:59-04:00,"N/A",B3K0H6
8079593,"Walmart","N/A","S-Gel gel pens","N/A",$3.00,$5.38,"N/A",each,"N/A",2026-08-13T00:00:00-04:00,2026-08-19T23:59:59-04:00,"N/A",B3K0H6
8079593,"Walmart","N/A","Nivea body wash 500 mL","N/A",$3.28,$5.77,"N/A",each,"N/A",2026-08-13T00:00:00-04:00,2026-08-19T23:59:59-04:00,"N/A",B3K0H6
8079593,"Walmart","N/A","OGX shampoo, conditioner or treatments","N/A",$7.97,$9.67,"N/A",each,"N/A",2026-08-13T00:00:00-04:00,2026-08-19T23:59:59-04:00,"N/A",B3K0H6
8079593,"Walmart","N/A","OGX shampoo, conditioner or treatments","N/A",$7.97,$9.67,"N/A",each,"N/A",2026-08-13T00:00:00-04:00,2026-08-19T23:59:59-04:00,"N/A",B3K0H6
8079593,"Walmart","N/A","Advil Liqui-Gels","N/A",$13.83,$15.47,"N/A",each,"N/A",2026-08-13T00:00:00-04:00,2026-08-19T23:59:59-04:00,"N/A",B3K0H6
8079593,"Walmart","N/A","EA Sports Madden NFL 27 for PlayStation 5","N/A",$89.96,N/A,"N/A",each,"N/A",2026-08-13T00:00:00-04:00,2026-08-19T23:59:59-04:00,"N/A",B3K0H6
8079593,"Walmart","N/A","Quook Baby Food Maker, Bottle Warmer and Sterilizer by Quark","N/A",$134.99,$149.99,"N/A",each,"N/A",2026-08-13T00:00:00-04:00,2026-08-19T23:59:59-04:00,"N/A",B3K0H6
8079593,"Walmart","N/A","Selected Stationery","N/A",$3.00,N/A,"N/A",each,"N/A",2026-08-13T00:00:00-04:00,2026-08-19T23:59:59-04:00,"N/A",B3K0H6
8079593,"Walmart","N/A","Royal & Langnickel Essentials paint set","N/A",$7.97,N/A,"N/A",each,"N/A",2026-08-13T00:00:00-04:00,2026-08-19T23:59:59-04:00,"N/A",B3K0H6
8079593,"Walmart","N/A","Kids' scissors","N/A",$1.00,N/A,"N/A",each,"N/A",2026-08-13T00:00:00-04:00,2026-08-19T23:59:59-04:00,"N/A",B3K0H6
8079593,"Walmart","N/A","onn. 30W I-port USB-C charger with 3' Type-C cable","N/A",$27.98,N/A,"N/A",each,"N/A",2026-08-13T00:00:00-04:00,2026-08-19T23:59:59-04:00,"N/A",B3K0H6
8079593,"Walmart","N/A","Dual-compartment lunch bag","N/A",$16.97,N/A,"N/A",each,"N/A",2026-08-13T00:00:00-04:00,2026-08-19T23:59:59-04:00,"N/A",B3K0H6
8079593,"Walmart","N/A","HP 17.3"" Full HD 17-cn3012Ca laptop","N/A",$699.98,$799.98,"N/A",each,"N/A",2026-08-13T00:00:00-04:00,2026-08-19T23:59:59-04:00,"N/A",B3K0H6
8079593,"Walmart","N/A","Licensed lunch bag","N/A",$11.97,N/A,"N/A",each,"N/A",2026-08-13T00:00:00-04:00,2026-08-19T23:59:59-04:00,"N/A",B3K0H6
8079593,"Walmart","N/A","iPad Air 11"" Wi-Fi 128GB (M4)","N/A",$849.00,N/A,"N/A",each,"N/A",2026-08-13T00:00:00-04:00,2026-08-19T23:59:59-04:00,"N/A",B3K0H6
8079593,"Walmart","N/A","Uni Posca PC-5M water-based paint markers","N/A",$23.44,$27.44,"N/A",each,"N/A",2026-08-13T00:00:00-04:00,2026-08-19T23:59:59-04:00,"N/A",B3K0H6
8079593,"Walmart","N/A","Selected stationery","N/A",$3.00,N/A,"N/A",each,"N/A",2026-08-13T00:00:00-04:00,2026-08-19T23:59:59-04:00,"N/A",B3K0H6
8079593,"Walmart","N/A","PAW Patrol Roaring Rhubarb figure","N/A",$39.97,N/A,"N/A",each,"N/A",2026-08-13T00:00:00-04:00,2026-08-19T23:59:59-04:00,"N/A",B3K0H6
8079593,"Walmart","N/A","Pearl Milling Company pancake mix","N/A",$3.97,N/A,"N/A",each,"N/A",2026-08-13T00:00:00-04:00,2026-08-19T23:59:59-04:00,"N/A",B3K0H6
8079593,"Walmart","N/A","Jetstream Backpack","N/A",$19.97,N/A,"N/A",each,"N/A",2026-08-13T00:00:00-04:00,2026-08-19T23:59:59-04:00,"N/A",B3K0H6
8079593,"Walmart","N/A","Kids' Scissors","N/A",$1.00,N/A,"N/A",each,"N/A",2026-08-13T00:00:00-04:00,2026-08-19T23:59:59-04:00,"N/A",B3K0H6
8079593,"Walmart","N/A","4-Piece personal blender","N/A",$19.98,$26.98,"N/A",each,"N/A",2026-08-13T00:00:00-04:00,2026-08-19T23:59:59-04:00,"N/A",B3K0H6
8079593,"Walmart","N/A","Bush's beans","N/A",$1.84,$2.17,"N/A",each,"N/A",2026-08-13T00:00:00-04:00,2026-08-19T23:59:59-04:00,"N/A",B3K0H6
8079593,"Walmart","N/A","Licensed lunch bag","N/A",$11.97,N/A,"N/A",each,"N/A",2026-08-13T00:00:00-04:00,2026-08-19T23:59:59-04:00,"N/A",B3K0H6
8079593,"Walmart","N/A","Pen+Gear laminator","N/A",$24.97,N/A,"N/A",each,"N/A",2026-08-13T00:00:00-04:00,2026-08-19T23:59:59-04:00,"N/A",B3K0H6
8079593,"Walmart","N/A","onn. 8"" tablet (2026)","N/A",$169.98,N/A,"N/A",each,"N/A",2026-08-13T00:00:00-04:00,2026-08-19T23:59:59-04:00,"N/A",B3K0H6
8079593,"Walmart","N/A","Crayola 64ct Crayons or Crayola 20ct washable Super Tips markers","N/A",$2.00,$4.97,"N/A",each,"N/A",2026-08-13T00:00:00-04:00,2026-08-19T23:59:59-04:00,"N/A",B3K0H6
8079593,"Walmart","N/A","Idahoan instant mashed potatoes","N/A",$1.77,$1.97,"N/A",each,"N/A",2026-08-13T00:00:00-04:00,2026-08-19T23:59:59-04:00,"N/A",B3K0H6
8079593,"Walmart","N/A","KPop Demon Hunters pencil cases, notebooks or journals","N/A",$7.97,N/A,"N/A",each,"N/A",2026-08-13T00:00:00-04:00,2026-08-19T23:59:59-04:00,"N/A",B3K0H6
8079593,"Walmart","N/A","HP Envy 6152E all-in-one printer","N/A",$79.98,$164.98,"N/A",each,"N/A",2026-08-13T00:00:00-04:00,2026-08-19T23:59:59-04:00,"N/A",B3K0H6
8079593,"Walmart","N/A","TUCCI Italy CityRider 17.7"" backpack","N/A",$60.00,N/A,"N/A",each,"N/A",2026-08-13T00:00:00-04:00,2026-08-19T23:59:59-04:00,"N/A",B3K0H6
8079593,"Walmart","N/A","PowerSmart Portable Gas Powered Generator 3600W, CO Detect USB Output, Low Noise for Camping & Home","N/A",$413.99,$999.99,"N/A",each,"N/A",2026-08-13T00:00:00-04:00,2026-08-19T23:59:59-04:00,"N/A",B3K0H6
8079593,"Walmart","N/A","Dinnerware","N/A",$6.38,$8.47,"N/A",each,"N/A",2026-08-13T00:00:00-04:00,2026-08-19T23:59:59-04:00,"N/A",B3K0H6
8079593,"Walmart","N/A","RITZ family size crackers","N/A",$4.48,N/A,"N/A",each,"N/A",2026-08-13T00:00:00-04:00,2026-08-19T23:59:59-04:00,"N/A",B3K0H6
8079593,"Walmart","N/A","Great Value sandwich bags","N/A",$2.74,N/A,"N/A",each,"N/A",2026-08-13T00:00:00-04:00,2026-08-19T23:59:59-04:00,"N/A",B3K0H6
8079593,"Walmart","N/A","Crayola Clicks mechanical coloured pencils","N/A",$9.97,N/A,"N/A",each,"N/A",2026-08-13T00:00:00-04:00,2026-08-19T23:59:59-04:00,"N/A",B3K0H6
8079593,"Walmart","N/A","Acer Chromebook 315, 15.6"" HD Laptop in Silver, Powered by Intel Pentium N6000 4 Core, 4GBLPDDR4X, 128GB eMMC, Chrome OS, with Protective Sleeve","N/A",$339.99,$509.99,"N/A",each,"N/A",2026-08-13T00:00:00-04:00,2026-08-19T23:59:59-04:00,"N/A",B3K0H6
8079593,"Walmart","N/A","Ritz Bits Snackwiches 10-Snak Paks","N/A",$4.98,N/A,"N/A",each,"N/A",2026-08-13T00:00:00-04:00,2026-08-19T23:59:59-04:00,"N/A",B3K0H6
8079593,"Walmart","N/A","Sharpie original 12-pack or Mystic Gems fine-point 14-pack permanent markers","N/A",$7.98,$16.88,"N/A",each,"N/A",2026-08-13T00:00:00-04:00,2026-08-19T23:59:59-04:00,"N/A",B3K0H6
8079593,"Walmart","N/A","Logitech wireless mouse","N/A",$19.98,$29.98,"N/A",each,"N/A",2026-08-13T00:00:00-04:00,2026-08-19T23:59:59-04:00,"N/A",B3K0H6
8079593,"Walmart","N/A","KPop Demon Hunters pencil cases, notebook or journals","N/A",$7.97,N/A,"N/A",each,"N/A",2026-08-13T00:00:00-04:00,2026-08-19T23:59:59-04:00,"N/A",B3K0H6
8079593,"Walmart","N/A","Propane cylinders","N/A",$29.88,N/A,"N/A",each,"N/A",2026-08-13T00:00:00-04:00,2026-08-19T23:59:59-04:00,"N/A",B3K0H6
8079593,"Walmart","N/A","Cool Gear 24-oz plastic bottle","N/A",$6.98,N/A,"N/A",each,"N/A",2026-08-13T00:00:00-04:00,2026-08-19T23:59:59-04:00,"N/A",B3K0H6
8079593,"Walmart","N/A","Coca-Cola mini cans Pop","N/A",$3.97,N/A,"N/A",each,"N/A",2026-08-13T00:00:00-04:00,2026-08-19T23:59:59-04:00,"N/A",B3K0H6
8079593,"Walmart","N/A","Selected padlocks","N/A",$9.97,N/A,"N/A",each,"N/A",2026-08-13T00:00:00-04:00,2026-08-19T23:59:59-04:00,"N/A",B3K0H6
8079593,"Walmart","N/A","Math Roller Symbols Addition stamps","N/A",$12.97,N/A,"N/A",each,"N/A",2026-08-13T00:00:00-04:00,2026-08-19T23:59:59-04:00,"N/A",B3K0H6
8079593,"Walmart","N/A","Super Sticky Notes","N/A",$3.66,$3.96,"N/A",each,"N/A",2026-08-13T00:00:00-04:00,2026-08-19T23:59:59-04:00,"N/A",B3K0H6
8079593,"Walmart","N/A","3M Command value packs","N/A",$11.97,N/A,"N/A",each,"N/A",2026-08-13T00:00:00-04:00,2026-08-19T23:59:59-04:00,"N/A",B3K0H6
8079593,"Walmart","N/A","Astro yogurt tubs 750 g or iogo nanö Bubbles 4 x 100 g yogurt","N/A",$3.27,N/A,"N/A",each,"N/A",2026-08-13T00:00:00-04:00,2026-08-19T23:59:59-04:00,"N/A",B3K0H6
8079593,"Walmart","N/A","Starfrit Lock&Lock Easy Match food storage containers","N/A",$6.97,$9.47,"N/A",each,"N/A",2026-08-13T00:00:00-04:00,2026-08-19T23:59:59-04:00,"N/A",B3K0H6
8079593,"Walmart","N/A","PAW Patrol: The Dino Movie vehicles","N/A",$19.97,N/A,"N/A",each,"N/A",2026-08-13T00:00:00-04:00,2026-08-19T23:59:59-04:00,"N/A",B3K0H6
8079593,"Walmart","N/A","Huggies superpack diapers","N/A",$26.98,$32.97,"N/A",each,"N/A",2026-08-13T00:00:00-04:00,2026-08-19T23:59:59-04:00,"N/A",B3K0H6
8079593,"Walmart","N/A","George Kids' fashion boots","N/A",$29.00,N/A,"N/A",each,"N/A",2026-08-13T00:00:00-04:00,2026-08-19T23:59:59-04:00,"N/A",B3K0H6
8079593,"Walmart","N/A","ACT II microwave gourmet popcorn","N/A",$2.47,$3.68,"N/A",each,"N/A",2026-08-13T00:00:00-04:00,2026-08-19T23:59:59-04:00,"N/A",B3K0H6
8079593,"Walmart","N/A","Head & Shoulders shampoo or conditioner","N/A",$10.47,N/A,"N/A",each,"N/A",2026-08-13T00:00:00-04:00,2026-08-19T23:59:59-04:00,"N/A",B3K0H6
8079593,"Walmart","N/A","15.6"" Aspire Lite FHD IPS laptop","N/A",$399.98,$479.98,"N/A",each,"N/A",2026-08-13T00:00:00-04:00,2026-08-19T23:59:59-04:00,"N/A",B3K0H6
8079593,"Walmart","N/A","Licensed hoodie","N/A",$20.00,N/A,"N/A",each,"N/A",2026-08-13T00:00:00-04:00,2026-08-19T23:59:59-04:00,"N/A",B3K0H6
8079593,"Walmart","N/A","21.5"" FHD monitor","N/A",$89.98,$109.98,"N/A",each,"N/A",2026-08-13T00:00:00-04:00,2026-08-19T23:59:59-04:00,"N/A",B3K0H6
8079593,"Walmart","N/A","George Kids' fashion boots","N/A",$29.00,N/A,"N/A",each,"N/A",2026-08-13T00:00:00-04:00,2026-08-19T23:59:59-04:00,"N/A",B3K0H6
8079593,"Walmart","N/A","Bioworld licensed backpack","N/A",$24.97,N/A,"N/A",each,"N/A",2026-08-13T00:00:00-04:00,2026-08-19T23:59:59-04:00,"N/A",B3K0H6
8079593,"Walmart","N/A","Dell 16"" Entertainment laptop","N/A",$898.00,N/A,"N/A",each,"N/A",2026-08-13T00:00:00-04:00,2026-08-19T23:59:59-04:00,"N/A",B3K0H6
8079593,"Walmart","N/A","VEAT00L F11 Android 13 Tablet 2026, 6GB(4+2) RAM, 64GB ROM, 128GB Expand, Quad-Core Processor up to 2.0 GHz, Dual Camera, WiFi, BT, 6000mAh with Fast Charge, 1280x800 HD Touch Screen","N/A",$152.99,$1699.99,"N/A",each,"N/A",2026-08-13T00:00:00-04:00,2026-08-19T23:59:59-04:00,"N/A",B3K0H6
8079593,"Walmart","N/A","Dinnerware","N/A",$6.38,$8.47,"N/A",each,"N/A",2026-08-13T00:00:00-04:00,2026-08-19T23:59:59-04:00,"N/A",B3K0H6
8079593,"Walmart","N/A","EPSON EcoTank ET-2803 wireless printer","N/A",$199.98,$329.98,"N/A",each,"N/A",2026-08-13T00:00:00-04:00,2026-08-19T23:59:59-04:00,"N/A",B3K0H6
8079593,"Walmart","N/A","Canon PIXMA TS3720 wireless all-in-one printer","N/A",$47.98,$89.98,"N/A",each,"N/A",2026-08-13T00:00:00-04:00,2026-08-19T23:59:59-04:00,"N/A",B3K0H6
8079593,"Walmart","N/A","TAL 24-oz. stainless steel 2-in-l straw and chug water bottle","N/A",$18.98,N/A,"N/A",each,"N/A",2026-08-13T00:00:00-04:00,2026-08-19T23:59:59-04:00,"N/A",B3K0H6
8079593,"Walmart","N/A","Fanta Orange Pop","N/A",$3.97,N/A,"N/A",each,"N/A",2026-08-13T00:00:00-04:00,2026-08-19T23:59:59-04:00,"N/A",B3K0H6
8079593,"Walmart","N/A","Fanta Orange zero sugar Pop","N/A",$8.28,N/A,"N/A",each,"N/A",2026-08-13T00:00:00-04:00,2026-08-19T23:59:59-04:00,"N/A",B3K0H6
8079593,"Walmart","N/A","Kids' scissors","N/A",$1.00,N/A,"N/A",each,"N/A",2026-08-13T00:00:00-04:00,2026-08-19T23:59:59-04:00,"N/A",B3K0H6
8079593,"Walmart","N/A","onn. 27"" Monitor","N/A",$129.98,N/A,"N/A",each,"N/A",2026-08-13T00:00:00-04:00,2026-08-19T23:59:59-04:00,"N/A",B3K0H6
8079593,"Walmart","N/A","Campbell's consommé","N/A",$1.77,$2.27,"N/A",each,"N/A",2026-08-13T00:00:00-04:00,2026-08-19T23:59:59-04:00,"N/A",B3K0H6
8079593,"Walmart","N/A","Disney Junior a Story portable storage playset","N/A",$29.97,N/A,"N/A",each,"N/A",2026-08-13T00:00:00-04:00,2026-08-19T23:59:59-04:00,"N/A",B3K0H6
8079593,"Walmart","N/A","LaserJet M110w printer","N/A",$99.98,$169.98,"N/A",each,"N/A",2026-08-13T00:00:00-04:00,2026-08-19T23:59:59-04:00,"N/A",B3K0H6
8079593,"Walmart","N/A","Astro yogurt tubs 750 g","N/A",$3.27,N/A,"N/A",each,"N/A",2026-08-13T00:00:00-04:00,2026-08-19T23:59:59-04:00,"N/A",B3K0H6
8079593,"Walmart","N/A","Schoolyard Vibes Backpack and lunchbag set","N/A",$29.97,N/A,"N/A",each,"N/A",2026-08-13T00:00:00-04:00,2026-08-19T23:59:59-04:00,"N/A",B3K0H6
8079593,"Walmart","N/A","10-OZ. Scented candles","N/A",$14.97,$16.97,"N/A",each,"N/A",2026-08-13T00:00:00-04:00,2026-08-19T23:59:59-04:00,"N/A",B3K0H6
8079593,"Walmart","N/A","Staedtler Graphite Pencils","N/A",$2.00,$3.33,"N/A",each,"N/A",2026-08-13T00:00:00-04:00,2026-08-19T23:59:59-04:00,"N/A",B3K0H6
8079593,"Walmart","N/A","Natrel lactose free","N/A",$5.96,$6.58,"N/A",each,"N/A",2026-08-13T00:00:00-04:00,2026-08-19T23:59:59-04:00,"N/A",B3K0H6
8079593,"Walmart","N/A","HP DeskJet 2942 all-in-one printer","N/A",$49.98,$69.98,"N/A",each,"N/A",2026-08-13T00:00:00-04:00,2026-08-19T23:59:59-04:00,"N/A",B3K0H6
8079593,"Walmart","N/A","KPop Demon Hunters pens","N/A",$12.97,N/A,"N/A",each,"N/A",2026-08-13T00:00:00-04:00,2026-08-19T23:59:59-04:00,"N/A",B3K0H6
8079593,"Walmart","N/A","Colgate 360° Advanced toothbrushes 2-pack","N/A",$7.97,$9.97,"N/A",each,"N/A",2026-08-13T00:00:00-04:00,2026-08-19T23:59:59-04:00,"N/A",B3K0H6
8079593,"Walmart","N/A","White cauliflower","N/A",$3.44,N/A,"N/A",each,"N/A",2026-08-13T00:00:00-04:00,2026-08-19T23:59:59-04:00,"N/A",B3K0H6
8079593,"Walmart","N/A","Cantaloupes","N/A",$3.44,N/A,"N/A",each,"N/A",2026-08-13T00:00:00-04:00,2026-08-19T23:59:59-04:00,"N/A",B3K0H6
8079593,"Walmart","N/A","George Kids' fashion boots","N/A",$29.00,N/A,"N/A",each,"N/A",2026-08-13T00:00:00-04:00,2026-08-19T23:59:59-04:00,"N/A",B3K0H6
8079593,"Walmart","N/A","Super Sticky notes","N/A",$3.66,$3.96,"N/A",each,"N/A",2026-08-13T00:00:00-04:00,2026-08-19T23:59:59-04:00,"N/A",B3K0H6
8079593,"Walmart","N/A","ACE Bakery buns","N/A",$4.97,N/A,"N/A",each,"N/A",2026-08-13T00:00:00-04:00,2026-08-19T23:59:59-04:00,"N/A",B3K0H6
8079593,"Walmart","N/A","Irish Spring body wash","N/A",$3.97,$5.48,"N/A",each,"N/A",2026-08-13T00:00:00-04:00,2026-08-19T23:59:59-04:00,"N/A",B3K0H6
8079593,"Walmart","N/A","Nivea roll-on deodorant 50 mL","N/A",$3.28,$5.77,"N/A",each,"N/A",2026-08-13T00:00:00-04:00,2026-08-19T23:59:59-04:00,"N/A",B3K0H6
8079593,"Walmart","N/A","Maple Leaf hot dogs","N/A",$3.97,$7.27,"N/A",each,"N/A",2026-08-13T00:00:00-04:00,2026-08-19T23:59:59-04:00,"N/A",B3K0H6
8079593,"Walmart","N/A","Our Finest entrees","N/A",$3.97,N/A,"N/A",each,"N/A",2026-08-13T00:00:00-04:00,2026-08-19T23:59:59-04:00,"N/A",B3K0H6
8079593,"Walmart","N/A","Summer Fresh hummus","N/A",$3.47,$4.48,"N/A",each,"N/A",2026-08-13T00:00:00-04:00,2026-08-19T23:59:59-04:00,"N/A",B3K0H6
8079593,"Walmart","N/A","JML instant noodles","N/A",$4.98,$6.97,"N/A",each,"N/A",2026-08-13T00:00:00-04:00,2026-08-19T23:59:59-04:00,"N/A",B3K0H6
8079593,"Walmart","N/A","French's ketchup","N/A",$2.97,$4.27,"N/A",each,"N/A",2026-08-13T00:00:00-04:00,2026-08-19T23:59:59-04:00,"N/A",B3K0H6
8079593,"Walmart","N/A","Softsoap Spring body wash","N/A",$3.97,$5.48,"N/A",each,"N/A",2026-08-13T00:00:00-04:00,2026-08-19T23:59:59-04:00,"N/A",B3K0H6
8079593,"Walmart","N/A","Kids' or toddlers' licensed athletic shoes","N/A",$29.97,N/A,"N/A",each,"N/A",2026-08-13T00:00:00-04:00,2026-08-19T23:59:59-04:00,"N/A",B3K0H6
8079593,"Walmart","N/A","Sour Patch Kids candy","N/A",$3.98,$5.27,"N/A",each,"N/A",2026-08-13T00:00:00-04:00,2026-08-19T23:59:59-04:00,"N/A",B3K0H6
8079593,"Walmart","N/A","Green onions","N/A",$1.24,N/A,"N/A",each,"N/A",2026-08-13T00:00:00-04:00,2026-08-19T23:59:59-04:00,"N/A",B3K0H6
8079593,"Walmart","N/A","Schneiders Original Recipe wieners","N/A",$3.97,$7.27,"N/A",each,"N/A",2026-08-13T00:00:00-04:00,2026-08-19T23:59:59-04:00,"N/A",B3K0H6
8079593,"Walmart","N/A","Mi Sedaap Mi Goreng fried noodle 5-pack","N/A",$2.47,N/A,"N/A",each,"N/A",2026-08-13T00:00:00-04:00,2026-08-19T23:59:59-04:00,"N/A",B3K0H6
8079593,"Walmart","N/A","Summer Fresh dips or hummus","N/A",$3.47,$4.48,"N/A",each,"N/A",2026-08-13T00:00:00-04:00,2026-08-19T23:59:59-04:00,"N/A",B3K0H6
8079593,"Walmart","N/A","Epson Eco Tank ET-2803 wireless printer","N/A",$199.98,$329.98,"N/A",each,"N/A",2026-08-13T00:00:00-04:00,2026-08-19T23:59:59-04:00,"N/A",B3K0H6
8079593,"Walmart","N/A","Acer Aspire Lite 15.6"" Full HD IPS Laptop","N/A",$499.98,$699.98,"N/A",each,"N/A",2026-08-13T00:00:00-04:00,2026-08-19T23:59:59-04:00,"N/A",B3K0H6
8079593,"Walmart","N/A","Pure Protein bars","N/A",$19.47,N/A,"N/A",each,"N/A",2026-08-13T00:00:00-04:00,2026-08-19T23:59:59-04:00,"N/A",B3K0H6
8079593,"Walmart","N/A","Michelina's frozen entrees","N/A",$1.37,$2.27,"N/A",each,"N/A",2026-08-13T00:00:00-04:00,2026-08-19T23:59:59-04:00,"N/A",B3K0H6
8079593,"Walmart","N/A","Nestlé Chocolate Pieces","N/A",$3.98,$4.77,"N/A",each,"N/A",2026-08-13T00:00:00-04:00,2026-08-19T23:59:59-04:00,"N/A",B3K0H6
8079593,"Walmart","N/A","Great Value bowls","N/A",$3.97,N/A,"N/A",each,"N/A",2026-08-13T00:00:00-04:00,2026-08-19T23:59:59-04:00,"N/A",B3K0H6
8079593,"Walmart","N/A","Michelina's frozen entrees","N/A",$1.37,$2.27,"N/A",each,"N/A",2026-08-13T00:00:00-04:00,2026-08-19T23:59:59-04:00,"N/A",B3K0H6
8079593,"Walmart","N/A","Dr. Oetker Giuseppe Pizzeria Thin Crust Frozen Pizza","N/A",$5.84,N/A,"N/A",each,"N/A",2026-08-13T00:00:00-04:00,2026-08-19T23:59:59-04:00,"N/A",B3K0H6
8079593,"Walmart","N/A","Scopes Outlast mouthwash 1L","N/A",$5.97,$7.98,"N/A",each,"N/A",2026-08-13T00:00:00-04:00,2026-08-19T23:59:59-04:00,"N/A",B3K0H6
8079593,"Walmart","N/A","Schneiders Half Ham","N/A",$10.97,N/A,"N/A",each,"N/A",2026-08-13T00:00:00-04:00,2026-08-19T23:59:59-04:00,"N/A",B3K0H6
8079593,"Walmart","N/A","Colgate Maxfresh 3 x 150 mL or Total 3 x 120 mL toothpaste or 360 Advanced toothbrushes 2-pack","N/A",$7.97,$9.97,"N/A",each,"N/A",2026-08-13T00:00:00-04:00,2026-08-19T23:59:59-04:00,"N/A",B3K0H6
8079593,"Walmart","N/A","Yu choy junior","N/A",$5.91,N/A,"N/A",each,"N/A",2026-08-13T00:00:00-04:00,2026-08-19T23:59:59-04:00,"N/A",B3K0H6
8079593,"Walmart","N/A","Dry-erase markers","N/A",$5.48,$8.58,"N/A",each,"N/A",2026-08-13T00:00:00-04:00,2026-08-19T23:59:59-04:00,"N/A",B3K0H6
8079593,"Walmart","N/A","Dove Men+Care Ted Lasso deodorant 107 g or body wash 532 mL","N/A",$8.96,N/A,"N/A",each,"N/A",2026-08-13T00:00:00-04:00,2026-08-19T23:59:59-04:00,"N/A",B3K0H6
8079593,"Walmart","N/A","Thermos Funtainer bottle 10-oz","N/A",$17.97,$19.97,"N/A",each,"N/A",2026-08-13T00:00:00-04:00,2026-08-19T23:59:59-04:00,"N/A",B3K0H6
8079593,"Walmart","N/A","Janes Ultimates chicken bites","N/A",$11.47,N/A,"N/A",each,"N/A",2026-08-13T00:00:00-04:00,2026-08-19T23:59:59-04:00,"N/A",B3K0H6
8079593,"Walmart","N/A","Marutai vegetarian ramen","N/A",$2.98,N/A,"N/A",each,"N/A",2026-08-13T00:00:00-04:00,2026-08-19T23:59:59-04:00,"N/A",B3K0H6
8079593,"Walmart","N/A","4'x6' Washable Rug","N/A",$49.96,N/A,"N/A",each,"N/A",2026-08-13T00:00:00-04:00,2026-08-19T23:59:59-04:00,"N/A",B3K0H6
8079593,"Walmart","N/A","Acer 15.6"" Chromebook 315 laptop","N/A",$329.98,$429.98,"N/A",each,"N/A",2026-08-13T00:00:00-04:00,2026-08-19T23:59:59-04:00,"N/A",B3K0H6
8079593,"Walmart","N/A","Kids' indoor/outdoor slippers","N/A",$18.00,N/A,"N/A",each,"N/A",2026-08-13T00:00:00-04:00,2026-08-19T23:59:59-04:00,"N/A",B3K0H6
8079593,"Walmart","N/A","Cheez-It crackers","N/A",$1.97,$3.78,"N/A",each,"N/A",2026-08-13T00:00:00-04:00,2026-08-19T23:59:59-04:00,"N/A",B3K0H6
8079593,"Walmart","N/A","Great Value bacon","N/A",$5.47,N/A,"N/A",each,"N/A",2026-08-13T00:00:00-04:00,2026-08-19T23:59:59-04:00,"N/A",B3K0H6
8079593,"Walmart","N/A","Samyang Buldak ramen noodles","N/A",$2.98,$3.47,"N/A",each,"N/A",2026-08-13T00:00:00-04:00,2026-08-19T23:59:59-04:00,"N/A",B3K0H6
8079593,"Walmart","N/A","Cadbury Dairy Milk chocolate bars","N/A",$2.62,$2.92,"N/A",each,"N/A",2026-08-13T00:00:00-04:00,2026-08-19T23:59:59-04:00,"N/A",B3K0H6
8079593,"Walmart","N/A","Bush's beans","N/A",$1.84,$2.17,"N/A",each,"N/A",2026-08-13T00:00:00-04:00,2026-08-19T23:59:59-04:00,"N/A",B3K0H6
8079593,"Walmart","N/A","Kid's licensed graphic tee","N/A",$10.00,N/A,"N/A",each,"N/A",2026-08-13T00:00:00-04:00,2026-08-19T23:59:59-04:00,"N/A",B3K0H6
8061355,"Sobeys","N/A","Balkan or Duo 650-750 g, Dip 250 g or COMPLIMENTS Sour Cream 500 mL","N/A",$3.27,N/A,"N/A",each,"N/A",2026-08-06T00:00:00-04:00,2026-08-12T22:59:59-04:00,"N/A",B3K0H6
8061355,"Sobeys","N/A","Coarse Pickling Salt","N/A",$3.49,N/A,"N/A",each,"N/A",2026-08-06T00:00:00-04:00,2026-08-12T22:59:59-04:00,"N/A",B3K0H6
8061355,"Sobeys","N/A","KELLOGG'S, GENERAL MILLS or POST Jumbo Cereal","N/A",$8.99,N/A,"N/A",each,"N/A",2026-08-06T00:00:00-04:00,2026-08-12T22:59:59-04:00,"N/A",B3K0H6
8061355,"Sobeys","N/A","Roma Tomatoes","N/A",$2.49,N/A,"N/A",each,"N/A",2026-08-06T00:00:00-04:00,2026-08-12T22:59:59-04:00,"N/A",B3K0H6
8061355,"Sobeys","N/A","Tomatoes on the Vine","N/A",$1.99,N/A,"N/A",each,"N/A",2026-08-06T00:00:00-04:00,2026-08-12T22:59:59-04:00,"N/A",B3K0H6
8061355,"Sobeys","N/A","Large Cantaloupe","N/A",$2.99,N/A,"N/A",each,"N/A",2026-08-06T00:00:00-04:00,2026-08-12T22:59:59-04:00,"N/A",B3K0H6
8061355,"Sobeys","N/A","COMPLIMENTS, PINTY'S or MAPLE LEAF Prime Raised Without Antibiotics Wings","N/A",$9.99,N/A,"N/A",each,"N/A",2026-08-06T00:00:00-04:00,2026-08-12T22:59:59-04:00,"N/A",B3K0H6
8061355,"Sobeys","N/A","PEPTO-BISMOL, ALIGN or METAMUCIL","N/A",N/A,N/A,"N/A",each,"N/A",2026-08-06T00:00:00-04:00,2026-08-12T22:59:59-04:00,"N/A",B3K0H6
8061355,"Sobeys","N/A","COMPLIMENTS White or Whole Wheat Bread","N/A",$2.89,N/A,"N/A",each,"N/A",2026-08-06T00:00:00-04:00,2026-08-12T22:59:59-04:00,"N/A",B3K0H6
8061355,"Sobeys","N/A","Premium Ice Cream","N/A",$4.99,N/A,"N/A",each,"N/A",2026-08-06T00:00:00-04:00,2026-08-12T22:59:59-04:00,"N/A",B3K0H6
8061355,"Sobeys","N/A","COMPLIMENTS Frozen Vegetables","N/A",$4.49,N/A,"N/A",each,"N/A",2026-08-06T00:00:00-04:00,2026-08-12T22:59:59-04:00,"N/A",B3K0H6
8061355,"Sobeys","N/A","Golden Kiwi","N/A",$7.00,N/A,"N/A",each,"N/A",2026-08-06T00:00:00-04:00,2026-08-12T22:59:59-04:00,"N/A",B3K0H6
8061355,"Sobeys","N/A","COMPLIMENTS BALANCE Non-Hydrogenated or Olive Oil Margarine","N/A",$5.99,N/A,"N/A",each,"N/A",2026-08-06T00:00:00-04:00,2026-08-12T22:59:59-04:00,"N/A",B3K0H6
8061355,"Sobeys","N/A","DANONE Oikos Greek Yogurt","N/A",$10.99,N/A,"N/A",each,"N/A",2026-08-06T00:00:00-04:00,2026-08-12T22:59:59-04:00,"N/A",B3K0H6
8061355,"Sobeys","N/A","Veggie Bacon","N/A",$5.00,N/A,"N/A",each,"N/A",2026-08-06T00:00:00-04:00,2026-08-12T22:59:59-04:00,"N/A",B3K0H6
8061355,"Sobeys","N/A","Cleaners or Dish Soap","N/A",N/A,N/A,"N/A",each,"N/A",2026-08-06T00:00:00-04:00,2026-08-12T22:59:59-04:00,"N/A",B3K0H6
8061355,"Sobeys","N/A","Dairy Skyr Yogurt","N/A",$4.99,N/A,"N/A",each,"N/A",2026-08-06T00:00:00-04:00,2026-08-12T22:59:59-04:00,"N/A",B3K0H6
8061355,"Sobeys","N/A","COMPLIMENTS Bocconcini","N/A",$6.99,N/A,"N/A",each,"N/A",2026-08-06T00:00:00-04:00,2026-08-12T22:59:59-04:00,"N/A",B3K0H6
8061355,"Sobeys","N/A","PALMOLIVE Dish Detergent","N/A",$3.49,N/A,"N/A",each,"N/A",2026-08-06T00:00:00-04:00,2026-08-12T22:59:59-04:00,"N/A",B3K0H6
8061355,"Sobeys","N/A","COMPLIMENTS Canola Oil","N/A",N/A,N/A,"N/A",each,"N/A",2026-08-06T00:00:00-04:00,2026-08-12T22:59:59-04:00,"N/A",B3K0H6
8061355,"Sobeys","N/A","Snacking or Mini Crackers","N/A",$5.00,N/A,"N/A",each,"N/A",2026-08-06T00:00:00-04:00,2026-08-12T22:59:59-04:00,"N/A",B3K0H6
8061355,"Sobeys","N/A","Cheezies","N/A",$3.99,N/A,"N/A",each,"N/A",2026-08-06T00:00:00-04:00,2026-08-12T22:59:59-04:00,"N/A",B3K0H6
8061355,"Sobeys","N/A","Pickling Cucumbers","N/A",$2.49,N/A,"N/A",each,"N/A",2026-08-06T00:00:00-04:00,2026-08-12T22:59:59-04:00,"N/A",B3K0H6
8061355,"Sobeys","N/A","Turkey Bites, Mini Pepperoni or Salami Sticks 300-500 g or Bologna 1.5 kg","N/A",$8.99,N/A,"N/A",each,"N/A",2026-08-06T00:00:00-04:00,2026-08-12T22:59:59-04:00,"N/A",B3K0H6
8061355,"Sobeys","N/A","COMPLIMENTS Lemons","N/A",$5.99,N/A,"N/A",each,"N/A",2026-08-06T00:00:00-04:00,2026-08-12T22:59:59-04:00,"N/A",B3K0H6
8061355,"Sobeys","N/A","COMPLIMENTS Muffins & pk., Mix & Match","N/A",N/A,N/A,"N/A",each,"N/A",2026-08-06T00:00:00-04:00,2026-08-12T22:59:59-04:00,"N/A",B3K0H6
8061355,"Sobeys","N/A","AI PASTOR Chicken Strips","N/A",N/A,N/A,"N/A",each,"N/A",2026-08-06T00:00:00-04:00,2026-08-12T22:59:59-04:00,"N/A",B3K0H6
8061355,"Sobeys","N/A","Single Layer Shortcakes Or Real Cream Layer Cakes","N/A",$9.99,N/A,"N/A",each,"N/A",2026-08-06T00:00:00-04:00,2026-08-12T22:59:59-04:00,"N/A",B3K0H6
8061355,"Sobeys","N/A","Ketchup","N/A",$4.97,N/A,"N/A",each,"N/A",2026-08-06T00:00:00-04:00,2026-08-12T22:59:59-04:00,"N/A",B3K0H6
8061355,"Sobeys","N/A","Hair Care","N/A",$5.79,N/A,"N/A",each,"N/A",2026-08-06T00:00:00-04:00,2026-08-12T22:59:59-04:00,"N/A",B3K0H6
8061355,"Sobeys","N/A","Whole Hot Honey Ham Dagwood Sandwich","N/A",$13.99,N/A,"N/A",each,"N/A",2026-08-06T00:00:00-04:00,2026-08-12T22:59:59-04:00,"N/A",B3K0H6
8061355,"Sobeys","N/A","Whole Bean Coffee","N/A",$16.97,N/A,"N/A",each,"N/A",2026-08-06T00:00:00-04:00,2026-08-12T22:59:59-04:00,"N/A",B3K0H6
8061355,"Sobeys","N/A","REYNOLDS Parchment Paper","N/A",$4.49,N/A,"N/A",each,"N/A",2026-08-06T00:00:00-04:00,2026-08-12T22:59:59-04:00,"N/A",B3K0H6
8061355,"Sobeys","N/A","COMPLIMENTS 4 Pack Mini, Regular Hummus, Topped Hummus or Dips","N/A",$3.99,N/A,"N/A",each,"N/A",2026-08-06T00:00:00-04:00,2026-08-12T22:59:59-04:00,"N/A",B3K0H6
8061355,"Sobeys","N/A","Long English Cucumbers","N/A",$5.00,N/A,"N/A",each,"N/A",2026-08-06T00:00:00-04:00,2026-08-12T22:59:59-04:00,"N/A",B3K0H6
8061355,"Sobeys","N/A","Herb & Garlic Shrimp","N/A",$10.99,N/A,"N/A",each,"N/A",2026-08-06T00:00:00-04:00,2026-08-12T22:59:59-04:00,"N/A",B3K0H6
8061355,"Sobeys","N/A","Nutri-Grain Bars, Rice Krispies Squares, Pop-Tarts or Pastry Crisps","N/A",$2.99,N/A,"N/A",each,"N/A",2026-08-06T00:00:00-04:00,2026-08-12T22:59:59-04:00,"N/A",B3K0H6
8061355,"Sobeys","N/A","Pads or Liners or Tampons","N/A",$16.49,N/A,"N/A",each,"N/A",2026-08-06T00:00:00-04:00,2026-08-12T22:59:59-04:00,"N/A",B3K0H6
8061355,"Sobeys","N/A","Cereal","N/A",$4.99,N/A,"N/A",each,"N/A",2026-08-06T00:00:00-04:00,2026-08-12T22:59:59-04:00,"N/A",B3K0H6
8061355,"Sobeys","N/A","COMPLIMENTS Herbs","N/A",$2.75,N/A,"N/A",each,"N/A",2026-08-06T00:00:00-04:00,2026-08-12T22:59:59-04:00,"N/A",B3K0H6
8061355,"Sobeys","N/A","KOOL-AID Jammers 10x180 mL, MINUTE-MAID 100% Juice or Punch, FIVE ALIVE or FUZE Iced Tea 5-10x200 mL tetra","N/A",$7.00,N/A,"N/A",each,"N/A",2026-08-06T00:00:00-04:00,2026-08-12T22:59:59-04:00,"N/A",B3K0H6
8061355,"Sobeys","N/A","SENSODYNE or Pronamel or Clinical Toothpaste","N/A",$6.99,N/A,"N/A",each,"N/A",2026-08-06T00:00:00-04:00,2026-08-12T22:59:59-04:00,"N/A",B3K0H6
8061355,"Sobeys","N/A","Bistro Perfect Portions","N/A",$17.99,N/A,"N/A",each,"N/A",2026-08-06T00:00:00-04:00,2026-08-12T22:59:59-04:00,"N/A",B3K0H6
8061355,"Sobeys","N/A","QUAKER Instant Oatmeal 232-344 g or Hot Oats 709 g-1 kg","N/A",$9.99,N/A,"N/A",each,"N/A",2026-08-06T00:00:00-04:00,2026-08-12T22:59:59-04:00,"N/A",B3K0H6
8061355,"Sobeys","N/A","Frozen Entrées","N/A",$1.99,N/A,"N/A",each,"N/A",2026-08-06T00:00:00-04:00,2026-08-12T22:59:59-04:00,"N/A",B3K0H6
8061355,"Sobeys","N/A","Superfries","N/A",$3.99,N/A,"N/A",each,"N/A",2026-08-06T00:00:00-04:00,2026-08-12T22:59:59-04:00,"N/A",B3K0H6
8061355,"Sobeys","N/A","English Muffins","N/A",$3.49,N/A,"N/A",each,"N/A",2026-08-06T00:00:00-04:00,2026-08-12T22:59:59-04:00,"N/A",B3K0H6
8061355,"Sobeys","N/A","MCCAIN Fries selected","N/A",$3.49,N/A,"N/A",each,"N/A",2026-08-06T00:00:00-04:00,2026-08-12T22:59:59-04:00,"N/A",B3K0H6
8061355,"Sobeys","N/A","Apricots 1 L or Nectarines 2 L","N/A",$8.88,N/A,"N/A",each,"N/A",2026-08-06T00:00:00-04:00,2026-08-12T22:59:59-04:00,"N/A",B3K0H6
8061355,"Sobeys","N/A","Frozen Entrées","N/A",$5.49,N/A,"N/A",each,"N/A",2026-08-06T00:00:00-04:00,2026-08-12T22:59:59-04:00,"N/A",B3K0H6
8061355,"Sobeys","N/A","DINNER","N/A",$1.25,N/A,"N/A",each,"N/A",2026-08-06T00:00:00-04:00,2026-08-12T22:59:59-04:00,"N/A",B3K0H6
8061355,"Sobeys","N/A","Cero Alcohol-Free Beer","N/A",$12.99,N/A,"N/A",each,"N/A",2026-08-06T00:00:00-04:00,2026-08-12T22:59:59-04:00,"N/A",B3K0H6
8061355,"Sobeys","N/A","AI Pastor Pulled Pork Gourmet Sandwich or Selected","N/A",$8.99,N/A,"N/A",each,"N/A",2026-08-06T00:00:00-04:00,2026-08-12T22:59:59-04:00,"N/A",B3K0H6
8061355,"Sobeys","N/A","Al Pastor Style Loaded Fries","N/A",$6.99,N/A,"N/A",each,"N/A",2026-08-06T00:00:00-04:00,2026-08-12T22:59:59-04:00,"N/A",B3K0H6
8061355,"Sobeys","N/A","PANACHE Seafood Appetizers","N/A",$8.99,N/A,"N/A",each,"N/A",2026-08-06T00:00:00-04:00,2026-08-12T22:59:59-04:00,"N/A",B3K0H6
8061355,"Sobeys","N/A","COMPLIMENTS Apple Juice","N/A",N/A,N/A,"N/A",each,"N/A",2026-08-06T00:00:00-04:00,2026-08-12T22:59:59-04:00,"N/A",B3K0H6
8061355,"Sobeys","N/A","Caesar or Spring Mix Salad Kits","N/A",$4.99,N/A,"N/A",each,"N/A",2026-08-06T00:00:00-04:00,2026-08-12T22:59:59-04:00,"N/A",B3K0H6
8061355,"Sobeys","N/A","Crispy Minis","N/A",$2.49,N/A,"N/A",each,"N/A",2026-08-06T00:00:00-04:00,2026-08-12T22:59:59-04:00,"N/A",B3K0H6
8061355,"Sobeys","N/A","DOVE Body Wash","N/A",$5.79,N/A,"N/A",each,"N/A",2026-08-06T00:00:00-04:00,2026-08-12T22:59:59-04:00,"N/A",B3K0H6
8061355,"Sobeys","N/A","Tortilla Chips","N/A",$8.00,N/A,"N/A",each,"N/A",2026-08-06T00:00:00-04:00,2026-08-12T22:59:59-04:00,"N/A",B3K0H6
8061355,"Sobeys","N/A","Underwear or Pads","N/A",$19.99,N/A,"N/A",each,"N/A",2026-08-06T00:00:00-04:00,2026-08-12T22:59:59-04:00,"N/A",B3K0H6
8061355,"Sobeys","N/A","Sausage Buns","N/A",$4.00,N/A,"N/A",each,"N/A",2026-08-06T00:00:00-04:00,2026-08-12T22:59:59-04:00,"N/A",B3K0H6
8061355,"Sobeys","N/A","TimTam Biscuits or DARE Whippet Cookies","N/A",$4.00,N/A,"N/A",each,"N/A",2026-08-06T00:00:00-04:00,2026-08-12T22:59:59-04:00,"N/A",B3K0H6
8061355,"Sobeys","N/A","COMPLIMENTS Liquid Honey Bear","N/A",$4.99,N/A,"N/A",each,"N/A",2026-08-06T00:00:00-04:00,2026-08-12T22:59:59-04:00,"N/A",B3K0H6
8061355,"Sobeys","N/A","Fresh Pasta","N/A",$6.49,N/A,"N/A",each,"N/A",2026-08-06T00:00:00-04:00,2026-08-12T22:59:59-04:00,"N/A",B3K0H6
8061355,"Sobeys","N/A","Potato Chips 180-200 g or Kettle Chips 190-200 g","N/A",$9.00,N/A,"N/A",each,"N/A",2026-08-06T00:00:00-04:00,2026-08-12T22:59:59-04:00,"N/A",B3K0H6
8061355,"Sobeys","N/A","ProActive Health Dry Dog Food","N/A",$19.49,N/A,"N/A",each,"N/A",2026-08-06T00:00:00-04:00,2026-08-12T22:59:59-04:00,"N/A",B3K0H6
8061355,"Sobeys","N/A","Tuna Poke Kits","N/A",$8.99,N/A,"N/A",each,"N/A",2026-08-06T00:00:00-04:00,2026-08-12T22:59:59-04:00,"N/A",B3K0H6
8061355,"Sobeys","N/A","Glowing Hearts Bouquet","N/A",$16.00,N/A,"N/A",each,"N/A",2026-08-06T00:00:00-04:00,2026-08-12T22:59:59-04:00,"N/A",B3K0H6
8061355,"Sobeys","N/A","Al Pastor Chicken Taco Kit","N/A",$2.09,N/A,"N/A",each,"N/A",2026-08-06T00:00:00-04:00,2026-08-12T22:59:59-04:00,"N/A",B3K0H6
8061355,"Sobeys","N/A","COMPLIMENTS Greek Yogurt","N/A",$5.99,N/A,"N/A",each,"N/A",2026-08-06T00:00:00-04:00,2026-08-12T22:59:59-04:00,"N/A",B3K0H6
8061355,"Sobeys","N/A","Sliced Deli Variety Packs","N/A",$3.79,N/A,"N/A",each,"N/A",2026-08-06T00:00:00-04:00,2026-08-12T22:59:59-04:00,"N/A",B3K0H6
8061355,"Sobeys","N/A","Baby Formula","N/A",$33.99,N/A,"N/A",each,"N/A",2026-08-06T00:00:00-04:00,2026-08-12T22:59:59-04:00,"N/A",B3K0H6
8061355,"Sobeys","N/A","Chocolate Chips","N/A",$5.49,N/A,"N/A",each,"N/A",2026-08-06T00:00:00-04:00,2026-08-12T22:59:59-04:00,"N/A",B3K0H6
8061355,"Sobeys","N/A","CLOROX Clean-Up or All Purpose Cleaners 946 mL, Bathroom Foam 887 mL or Scentiva Spray 709 mL","N/A",$4.99,N/A,"N/A",each,"N/A",2026-08-06T00:00:00-04:00,2026-08-12T22:59:59-04:00,"N/A",B3K0H6
8061355,"Sobeys","N/A","THE KEG Frozen Back Ribs or COMPLIMENTS Crispy Homestyle Chicken","N/A",$18.99,N/A,"N/A",each,"N/A",2026-08-06T00:00:00-04:00,2026-08-12T22:59:59-04:00,"N/A",B3K0H6
8061355,"Sobeys","N/A","Cheese or Spinach Swirls","N/A",N/A,N/A,"N/A",each,"N/A",2026-08-06T00:00:00-04:00,2026-08-12T22:59:59-04:00,"N/A",B3K0H6
8061355,"Sobeys","N/A","COMPLIMENTS Dough'chi Bites","N/A",$3.99,N/A,"N/A",each,"N/A",2026-08-06T00:00:00-04:00,2026-08-12T22:59:59-04:00,"N/A",B3K0H6
8061355,"Sobeys","N/A","Al Pastor Style Roasted Chicken","N/A",$14.99,N/A,"N/A",each,"N/A",2026-08-06T00:00:00-04:00,2026-08-12T22:59:59-04:00,"N/A",B3K0H6
8061355,"Sobeys","N/A","Wet Cat Food","N/A",N/A,N/A,"N/A",each,"N/A",2026-08-06T00:00:00-04:00,2026-08-12T22:59:59-04:00,"N/A",B3K0H6
8061355,"Sobeys","N/A","COMPLIMENTS Sauerkraut 1 L or Hot Pepper Rings 2 L","N/A",N/A,N/A,"N/A",each,"N/A",2026-08-06T00:00:00-04:00,2026-08-12T22:59:59-04:00,"N/A",B3K0H6
8061355,"Sobeys","N/A","Nuts or Clusters","N/A",$10.00,N/A,"N/A",each,"N/A",2026-08-06T00:00:00-04:00,2026-08-12T22:59:59-04:00,"N/A",B3K0H6
8061355,"Sobeys","N/A","TYLENOL, BENYLIN or SINUTAB Cough, Cold & Sinus","N/A",N/A,N/A,"N/A",each,"N/A",2026-08-06T00:00:00-04:00,2026-08-12T22:59:59-04:00,"N/A",B3K0H6
8061355,"Sobeys","N/A","Coleslaw","N/A",$1.49,N/A,"N/A",each,"N/A",2026-08-06T00:00:00-04:00,2026-08-12T22:59:59-04:00,"N/A",B3K0H6
8061355,"Sobeys","N/A","KIND Soft Baked Squares","N/A",$8.99,N/A,"N/A",each,"N/A",2026-08-06T00:00:00-04:00,2026-08-12T22:59:59-04:00,"N/A",B3K0H6
8061355,"Sobeys","N/A","PURE PROTEIN Bars","N/A",$12.99,N/A,"N/A",each,"N/A",2026-08-06T00:00:00-04:00,2026-08-12T22:59:59-04:00,"N/A",B3K0H6
8061355,"Sobeys","N/A","Squeak'r Cheese Curds","N/A",N/A,N/A,"N/A",each,"N/A",2026-08-06T00:00:00-04:00,2026-08-12T22:59:59-04:00,"N/A",B3K0H6
8061355,"Sobeys","N/A","MINUTE MAID Zero Sugar Drinks or FUZE Iced Tea","N/A",$3.99,N/A,"N/A",each,"N/A",2026-08-06T00:00:00-04:00,2026-08-12T22:59:59-04:00,"N/A",B3K0H6
8061355,"Sobeys","N/A","COMPLIMENTS Flakes of Ham, Turkey or Chicken","N/A",$5.00,N/A,"N/A",each,"N/A",2026-08-06T00:00:00-04:00,2026-08-12T22:59:59-04:00,"N/A",B3K0H6
8061355,"Sobeys","N/A","COMPLIMENTS Marshmallows","N/A",$2.00,N/A,"N/A",each,"N/A",2026-08-06T00:00:00-04:00,2026-08-12T22:59:59-04:00,"N/A",B3K0H6
8061355,"Sobeys","N/A","Taco Seasoning","N/A",$2.29,N/A,"N/A",each,"N/A",2026-08-06T00:00:00-04:00,2026-08-12T22:59:59-04:00,"N/A",B3K0H6
8061355,"Sobeys","N/A","SILK Beverages","N/A",$4.49,N/A,"N/A",each,"N/A",2026-08-06T00:00:00-04:00,2026-08-12T22:59:59-04:00,"N/A",B3K0H6
8061355,"Sobeys","N/A","TETLEY Orange Pekoe Tea 216 pk or STARBUCKS Roast & Ground Coffee 340 g or K-Cup® Pods 10 pk","N/A",$13.99,N/A,"N/A",each,"N/A",2026-08-06T00:00:00-04:00,2026-08-12T22:59:59-04:00,"N/A",B3K0H6
8061355,"Sobeys","N/A","Fair Trade Honduras Shrimp","N/A",$8.99,N/A,"N/A",each,"N/A",2026-08-06T00:00:00-04:00,2026-08-12T22:59:59-04:00,"N/A",B3K0H6
8061355,"Sobeys","N/A","Coffee Pods","N/A",$35.99,N/A,"N/A",each,"N/A",2026-08-06T00:00:00-04:00,2026-08-12T22:59:59-04:00,"N/A",B3K0H6
8061355,"Sobeys","N/A","DayQuil and NyQuil, VapoRub or Inhalers","N/A",N/A,N/A,"N/A",each,"N/A",2026-08-06T00:00:00-04:00,2026-08-12T22:59:59-04:00,"N/A",B3K0H6
8061355,"Sobeys","N/A","COMPLIMENTS Coconut","N/A",$3.49,N/A,"N/A",each,"N/A",2026-08-06T00:00:00-04:00,2026-08-12T22:59:59-04:00,"N/A",B3K0H6
8061355,"Sobeys","N/A","Garden Mum","N/A",$5.99,N/A,"N/A",each,"N/A",2026-08-06T00:00:00-04:00,2026-08-12T22:59:59-04:00,"N/A",B3K0H6
8061355,"Sobeys","N/A","COMPLIMENTS Roasted Cashews or Almonds","N/A",$7.99,N/A,"N/A",each,"N/A",2026-08-06T00:00:00-04:00,2026-08-12T22:59:59-04:00,"N/A",B3K0H6
8061355,"Sobeys","N/A","Soft & Chewy Dog Treats or Brushing Chews","N/A",$10.99,N/A,"N/A",each,"N/A",2026-08-06T00:00:00-04:00,2026-08-12T22:59:59-04:00,"N/A",B3K0H6
8061355,"Sobeys","N/A","Hair Care","N/A",$6.49,N/A,"N/A",each,"N/A",2026-08-06T00:00:00-04:00,2026-08-12T22:59:59-04:00,"N/A",B3K0H6
8061355,"Sobeys","N/A","Ultimate, Viva Puffs or Simple Pleasures Cookies","N/A",$7.00,N/A,"N/A",each,"N/A",2026-08-06T00:00:00-04:00,2026-08-12T22:59:59-04:00,"N/A",B3K0H6
8061355,"Sobeys","N/A","ProActive Health Dry Cat Food","N/A",$12.49,N/A,"N/A",each,"N/A",2026-08-06T00:00:00-04:00,2026-08-12T22:59:59-04:00,"N/A",B3K0H6
8061355,"Sobeys","N/A","Avocados","N/A",$4.99,N/A,"N/A",each,"N/A",2026-08-06T00:00:00-04:00,2026-08-12T22:59:59-04:00,"N/A",B3K0H6
8061355,"Sobeys","N/A","Red Mangoes","N/A",$2.99,N/A,"N/A",each,"N/A",2026-08-06T00:00:00-04:00,2026-08-12T22:59:59-04:00,"N/A",B3K0H6
8061355,"Sobeys","N/A","Pickling Spice","N/A",$3.99,N/A,"N/A",each,"N/A",2026-08-06T00:00:00-04:00,2026-08-12T22:59:59-04:00,"N/A",B3K0H6
8061355,"Sobeys","N/A","Maple Syrup","N/A",$18.99,N/A,"N/A",each,"N/A",2026-08-06T00:00:00-04:00,2026-08-12T22:59:59-04:00,"N/A",B3K0H6
8061355,"Sobeys","N/A","CRACKER BARREL Cheese Slices","N/A",$9.99,N/A,"N/A",each,"N/A",2026-08-06T00:00:00-04:00,2026-08-12T22:59:59-04:00,"N/A",B3K0H6
8061355,"Sobeys","N/A","Prepared In-Store Cooked or Raw Garlic Shrimp Grillers","N/A",$6.99,N/A,"N/A",each,"N/A",2026-08-06T00:00:00-04:00,2026-08-12T22:59:59-04:00,"N/A",B3K0H6
8061355,"Sobeys","N/A","COMPLIMENTS Honey Ham","N/A",$6.49,N/A,"N/A",each,"N/A",2026-08-06T00:00:00-04:00,2026-08-12T22:59:59-04:00,"N/A",B3K0H6
8061355,"Sobeys","N/A","Plant Based Chicken Tenders, Breakfast or Dinner Sausage, 2 pk Burger, Burger Simulated Meat Pack or Steak Tips","N/A",$7.99,N/A,"N/A",each,"N/A",2026-08-06T00:00:00-04:00,2026-08-12T22:59:59-04:00,"N/A",B3K0H6
8061355,"Sobeys","N/A","COMPLIMENTS Breakfast Sandwiches","N/A",$5.49,N/A,"N/A",each,"N/A",2026-08-06T00:00:00-04:00,2026-08-12T22:59:59-04:00,"N/A",B3K0H6
8061355,"Sobeys","N/A","Signature Cuts, Pan Sear or Breaded or Battered Premium Fish","N/A",$14.99,N/A,"N/A",each,"N/A",2026-08-06T00:00:00-04:00,2026-08-12T22:59:59-04:00,"N/A",B3K0H6
8061355,"Sobeys","N/A","Breakfast Sandwiches or Egg Bites","N/A",$6.99,N/A,"N/A",each,"N/A",2026-08-06T00:00:00-04:00,2026-08-12T22:59:59-04:00,"N/A",B3K0H6
8061355,"Sobeys","N/A","VILLAGGIO Bread","N/A",$2.99,N/A,"N/A",each,"N/A",2026-08-06T00:00:00-04:00,2026-08-12T22:59:59-04:00,"N/A",B3K0H6
8061355,"Sobeys","N/A","Hot Dog or Burger Buns","N/A",$4.00,N/A,"N/A",each,"N/A",2026-08-06T00:00:00-04:00,2026-08-12T22:59:59-04:00,"N/A",B3K0H6
8061355,"Sobeys","N/A","Red or Vidalia Onions","N/A",$1.99,N/A,"N/A",each,"N/A",2026-08-06T00:00:00-04:00,2026-08-12T22:59:59-04:00,"N/A",B3K0H6
8061355,"Sobeys","N/A","Lactose Free Creamer","N/A",$4.99,N/A,"N/A",each,"N/A",2026-08-06T00:00:00-04:00,2026-08-12T22:59:59-04:00,"N/A",B3K0H6
8061355,"Sobeys","N/A","Gourmet Cheese Buns","N/A",$5.99,N/A,"N/A",each,"N/A",2026-08-06T00:00:00-04:00,2026-08-12T22:59:59-04:00,"N/A",B3K0H6
8061355,"Sobeys","N/A","Cheese Hot Dog or Burger Buns","N/A",$5.00,N/A,"N/A",each,"N/A",2026-08-06T00:00:00-04:00,2026-08-12T22:59:59-04:00,"N/A",B3K0H6
8061355,"Sobeys","N/A","COMPLIMENTS Instant Coffee","N/A",$4.00,N/A,"N/A",each,"N/A",2026-08-06T00:00:00-04:00,2026-08-12T22:59:59-04:00,"N/A",B3K0H6
8061355,"Sobeys","N/A","Entertaining Deli Trays","N/A",$22.99,N/A,"N/A",each,"N/A",2026-08-06T00:00:00-04:00,2026-08-12T22:59:59-04:00,"N/A",B3K0H6
8061355,"Sobeys","N/A","COMPLIMENTS Potato Chips or Extraaa! Flavour Chips","N/A",N/A,N/A,"N/A",each,"N/A",2026-08-06T00:00:00-04:00,2026-08-12T22:59:59-04:00,"N/A",B3K0H6
8061355,"Sobeys","N/A","Canned Pineapple","N/A",$2.99,N/A,"N/A",each,"N/A",2026-08-06T00:00:00-04:00,2026-08-12T22:59:59-04:00,"N/A",B3K0H6
8061355,"Sobeys","N/A","VOLTAREN Emulgel","N/A",N/A,N/A,"N/A",each,"N/A",2026-08-06T00:00:00-04:00,2026-08-12T22:59:59-04:00,"N/A",B3K0H6
8061355,"Sobeys","N/A","COMPLIMENTS Iced Tea","N/A",$4.99,N/A,"N/A",each,"N/A",2026-08-06T00:00:00-04:00,2026-08-12T22:59:59-04:00,"N/A",B3K0H6
8061355,"Sobeys","N/A","Romaine, Green or Red Leaf Lettuce","N/A",$4.00,N/A,"N/A",each,"N/A",2026-08-06T00:00:00-04:00,2026-08-12T22:59:59-04:00,"N/A",B3K0H6
8061355,"Sobeys","N/A","Cherry Tomatoes on the Vine","N/A",$6.99,N/A,"N/A",each,"N/A",2026-08-06T00:00:00-04:00,2026-08-12T22:59:59-04:00,"N/A",B3K0H6
8061355,"Sobeys","N/A","Figs","N/A",$4.99,N/A,"N/A",each,"N/A",2026-08-06T00:00:00-04:00,2026-08-12T22:59:59-04:00,"N/A",B3K0H6
8061355,"Sobeys","N/A","Dry Sauce Mixes","N/A",$1.89,N/A,"N/A",each,"N/A",2026-08-06T00:00:00-04:00,2026-08-12T22:59:59-04:00,"N/A",B3K0H6
8061355,"Sobeys","N/A","Fresh Atlantic Salmon Portions","N/A",$3.99,N/A,"N/A",each,"N/A",2026-08-06T00:00:00-04:00,2026-08-12T22:59:59-04:00,"N/A",B3K0H6
8061355,"Sobeys","N/A","MIO, Kool-Aid or Crystal Light Water Enhancers","N/A",$3.99,N/A,"N/A",each,"N/A",2026-08-06T00:00:00-04:00,2026-08-12T22:59:59-04:00,"N/A",B3K0H6
8061355,"Sobeys","N/A","COMPLIMENTS Mini Pizzas","N/A",N/A,N/A,"N/A",each,"N/A",2026-08-06T00:00:00-04:00,2026-08-12T22:59:59-04:00,"N/A",B3K0H6
8061355,"Sobeys","N/A","Shrimp with Sauce","N/A",$9.99,N/A,"N/A",each,"N/A",2026-08-06T00:00:00-04:00,2026-08-12T22:59:59-04:00,"N/A",B3K0H6
8061355,"Sobeys","N/A","Candy","N/A",$5.99,N/A,"N/A",each,"N/A",2026-08-06T00:00:00-04:00,2026-08-12T22:59:59-04:00,"N/A",B3K0H6
8061355,"Sobeys","N/A","COMPLIMENTS Black Forest, Honey Ham or Cooked or Smoked Chicken","N/A",$2.99,N/A,"N/A",each,"N/A",2026-08-06T00:00:00-04:00,2026-08-12T22:59:59-04:00,"N/A",B3K0H6
8061355,"Sobeys","N/A","Juice","N/A",$5.00,N/A,"N/A",each,"N/A",2026-08-06T00:00:00-04:00,2026-08-12T22:59:59-04:00,"N/A",B3K0H6
8061355,"Sobeys","N/A","FLOURISH Pancake Mix","N/A",$9.99,N/A,"N/A",each,"N/A",2026-08-06T00:00:00-04:00,2026-08-12T22:59:59-04:00,"N/A",B3K0H6
8061355,"Sobeys","N/A","CLARK Gourmet Beans","N/A",$2.59,N/A,"N/A",each,"N/A",2026-08-06T00:00:00-04:00,2026-08-12T22:59:59-04:00,"N/A",B3K0H6
8061355,"Sobeys","N/A","ALLEN'S Pickling or White Vinegar","N/A",$3.99,N/A,"N/A",each,"N/A",2026-08-06T00:00:00-04:00,2026-08-12T22:59:59-04:00,"N/A",B3K0H6
8061355,"Sobeys","N/A","Fresh Atlantic Salmon Roasts with Mediterranean Style Stuffing","N/A",$12.99,N/A,"N/A",each,"N/A",2026-08-06T00:00:00-04:00,2026-08-12T22:59:59-04:00,"N/A",B3K0H6
8061355,"Sobeys","N/A","Whitening or Pronamel Toothpaste","N/A",$5.99,N/A,"N/A",each,"N/A",2026-08-06T00:00:00-04:00,2026-08-12T22:59:59-04:00,"N/A",B3K0H6
8061355,"Sobeys","N/A","Chicken Strips","N/A",$2.49,N/A,"N/A",each,"N/A",2026-08-06T00:00:00-04:00,2026-08-12T22:59:59-04:00,"N/A",B3K0H6
8061355,"Sobeys","N/A","Indian Eggplant","N/A",$3.99,N/A,"N/A",each,"N/A",2026-08-06T00:00:00-04:00,2026-08-12T22:59:59-04:00,"N/A",B3K0H6
8061355,"Sobeys","N/A","Premium Basmati Rice","N/A",$15.29,N/A,"N/A",each,"N/A",2026-08-06T00:00:00-04:00,2026-08-12T22:59:59-04:00,"N/A",B3K0H6
8061355,"Sobeys","N/A","Fresh Pork Hock","N/A",$3.99,N/A,"N/A",each,"N/A",2026-08-06T00:00:00-04:00,2026-08-12T22:59:59-04:00,"N/A",B3K0H6
8061355,"Sobeys","N/A","Mini Rose in Clay with Trellis","N/A",$19.99,N/A,"N/A",each,"N/A",2026-08-06T00:00:00-04:00,2026-08-12T22:59:59-04:00,"N/A",B3K0H6
8061355,"Sobeys","N/A","Body Wash","N/A",$8.99,N/A,"N/A",each,"N/A",2026-08-06T00:00:00-04:00,2026-08-12T22:59:59-04:00,"N/A",B3K0H6
8061355,"Sobeys","N/A","Seasoned Lamb Chops","N/A",$13.99,N/A,"N/A",each,"N/A",2026-08-06T00:00:00-04:00,2026-08-12T22:59:59-04:00,"N/A",B3K0H6
8061355,"Sobeys","N/A","COMPLIMENTS Pasta","N/A",N/A,N/A,"N/A",each,"N/A",2026-08-06T00:00:00-04:00,2026-08-12T22:59:59-04:00,"N/A",B3K0H6
8073972,"Atlantic Superstore","N/A","AMARA ORGANIC SMOOTHIE MELTS OR FRUIT BITES, 23 G","N/A",$5.50,N/A,"N/A",each,"N/A",2026-08-13T00:00:00-04:00,2026-08-19T23:59:59-04:00,"N/A",B3K0H6
8073972,"Atlantic Superstore","N/A","CHAPMAN'S MARKDALE CREAMERY ICE CREAM, 2 L OR COLLECTION NOVELTIES, 8'S","N/A",$4.00,N/A,"N/A",each,"N/A",2026-08-13T00:00:00-04:00,2026-08-19T23:59:59-04:00,"N/A",B3K0H6
8073972,"Atlantic Superstore","N/A","KELLOGG'S RAISIN BRAN, ALL BRAN, CRISPIX, FUN PAC, MINI WHEATS, MUSLIX, SPECIAL K, OR VECTOR PREMIUM CEREAL, 210-525 G","N/A",$4.50,N/A,"N/A",each,"N/A",2026-08-13T00:00:00-04:00,2026-08-19T23:59:59-04:00,"N/A",B3K0H6
8073972,"Atlantic Superstore","N/A","BRITANNIA GOOD DAY OR FIFTY FIFTY COOKIES, 231/372 G","N/A",$2.50,N/A,"N/A",each,"N/A",2026-08-13T00:00:00-04:00,2026-08-19T23:59:59-04:00,"N/A",B3K0H6
8073972,"Atlantic Superstore","N/A","NO NAME® POTATO CHIPS, 200 G","N/A",$1.99,N/A,"N/A",each,"N/A",2026-08-13T00:00:00-04:00,2026-08-19T23:59:59-04:00,"N/A",B3K0H6
8073972,"Atlantic Superstore","N/A","POWERADE SPORTS DRINK, 24X591 ML","N/A",$24.99,N/A,"N/A",each,"N/A",2026-08-13T00:00:00-04:00,2026-08-19T23:59:59-04:00,"N/A",B3K0H6
8073972,"Atlantic Superstore","N/A","PC® FISH FILLETS 500-680 G OR EL MONTEREY TAQUITOS OR QUESADILLAS 565-595 G","N/A",$12.00,N/A,"N/A",each,"N/A",2026-08-13T00:00:00-04:00,2026-08-19T23:59:59-04:00,"N/A",B3K0H6
8073972,"Atlantic Superstore","N/A","iÖGO CREAMY, 0% OR LACTOSE-FREE YOGURT, 16 X 100 G","N/A",$9.00,N/A,"N/A",each,"N/A",2026-08-13T00:00:00-04:00,2026-08-19T23:59:59-04:00,"N/A",B3K0H6
8073972,"Atlantic Superstore","N/A","NO NAME® COOKED HAM, 375 G","N/A",$5.00,N/A,"N/A",each,"N/A",2026-08-13T00:00:00-04:00,2026-08-19T23:59:59-04:00,"N/A",B3K0H6
8073972,"Atlantic Superstore","N/A","PC® ORGANICS PLANT-BASED PUFFS, 142 G","N/A",$3.50,N/A,"N/A",each,"N/A",2026-08-13T00:00:00-04:00,2026-08-19T23:59:59-04:00,"N/A",B3K0H6
8073972,"Atlantic Superstore","N/A","NESTLÉ ASSORTED MINI BARS, 25/50/100'S","N/A",N/A,N/A,"N/A",each,"N/A",2026-08-13T00:00:00-04:00,2026-08-19T23:59:59-04:00,"N/A",B3K0H6
8073972,"Atlantic Superstore","N/A","PC® THE DECADENT® CHOCOLATE CHIPS OR CHUNKS, 226-300 G","N/A",$6.00,N/A,"N/A",each,"N/A",2026-08-13T00:00:00-04:00,2026-08-19T23:59:59-04:00,"N/A",B3K0H6
8073972,"Atlantic Superstore","N/A","CAULIFLOWER","N/A",$5.00,N/A,"N/A",each,"N/A",2026-08-13T00:00:00-04:00,2026-08-19T23:59:59-04:00,"N/A",B3K0H6
8073972,"Atlantic Superstore","N/A","CHRISTIE WHEAT THINS, 175/180 G, GOOD THINS RICE CRACKERS, 100 G OR TRISCUIT CRACKERS, 185/200 G","N/A",$1.88,N/A,"N/A",each,"N/A",2026-08-13T00:00:00-04:00,2026-08-19T23:59:59-04:00,"N/A",B3K0H6
8073972,"Atlantic Superstore","N/A","KELLOGG'S RXBAR OR RXBAR BARS, 208/260 G","N/A",$10.00,N/A,"N/A",each,"N/A",2026-08-13T00:00:00-04:00,2026-08-19T23:59:59-04:00,"N/A",B3K0H6
8073972,"Atlantic Superstore","N/A","SUNRISE LARGE WAX BOLOGNA, 2 KG","N/A",$18.00,$22.00,"N/A",each,"N/A",2026-08-13T00:00:00-04:00,2026-08-19T23:59:59-04:00,"N/A",B3K0H6
8073972,"Atlantic Superstore","N/A","LA COSTEÑA CHIPOTLE PEPPERS IN ADOBO SAUCE, 186 ML","N/A",$3.00,N/A,"N/A",each,"N/A",2026-08-13T00:00:00-04:00,2026-08-19T23:59:59-04:00,"N/A",B3K0H6
8073972,"Atlantic Superstore","N/A","ENFAMIL A + NEUROPRO OR GENTLEASE POWDER REFILLS, 862/890 G","N/A",$65.50,N/A,"N/A",each,"N/A",2026-08-13T00:00:00-04:00,2026-08-19T23:59:59-04:00,"N/A",B3K0H6
8073972,"Atlantic Superstore","N/A","STRUDEL OR TURNOVERS, 4'S","N/A",$5.00,N/A,"N/A",each,"N/A",2026-08-13T00:00:00-04:00,2026-08-19T23:59:59-04:00,"N/A",B3K0H6
8073972,"Atlantic Superstore","N/A","KURKURE SNACKS, 115 G","N/A",$1.50,N/A,"N/A",each,"N/A",2026-08-13T00:00:00-04:00,2026-08-19T23:59:59-04:00,"N/A",B3K0H6
8073972,"Atlantic Superstore","N/A","PC® PACIFIC LARGE WHITE SHRIMP, 31-40 PER LB, 400 G","N/A",$8.00,$10.00,"N/A",each,"N/A",2026-08-13T00:00:00-04:00,2026-08-19T23:59:59-04:00,"N/A",B3K0H6
8073972,"Atlantic Superstore","N/A","NEW NORDIC VITAMINS OR SUPPLEMENTS, 30-60'S","N/A",N/A,N/A,"N/A",each,"N/A",2026-08-13T00:00:00-04:00,2026-08-19T23:59:59-04:00,"N/A",B3K0H6
8073972,"Atlantic Superstore","N/A","JOHNSON'S AND JONSON'S, 800 ML OR ATTITUDE, 473 ML BABY NEEDS","N/A",$4.50,N/A,"N/A",each,"N/A",2026-08-13T00:00:00-04:00,2026-08-19T23:59:59-04:00,"N/A",B3K0H6
8073972,"Atlantic Superstore","N/A","NESTLÉ CERELAC BABY CEREAL, 400 G","N/A",$9.50,N/A,"N/A",each,"N/A",2026-08-13T00:00:00-04:00,2026-08-19T23:59:59-04:00,"N/A",B3K0H6
8073972,"Atlantic Superstore","N/A","PC® SMOKED SALMON, 150 G","N/A",$11.50,$15.49,"N/A",each,"N/A",2026-08-13T00:00:00-04:00,2026-08-19T23:59:59-04:00,"N/A",B3K0H6
8073972,"Atlantic Superstore","N/A","PC® DISH DETERGENT, 638-739 ML","N/A",$2.00,N/A,"N/A",each,"N/A",2026-08-13T00:00:00-04:00,2026-08-19T23:59:59-04:00,"N/A",B3K0H6
8073972,"Atlantic Superstore","N/A","NO NAME® NATURALLY IMPERFECT™ CARROTS, 5 LB","N/A",$3.50,N/A,"N/A",each,"N/A",2026-08-13T00:00:00-04:00,2026-08-19T23:59:59-04:00,"N/A",B3K0H6
8073972,"Atlantic Superstore","N/A","BEN'S ORIGINAL RICE, 1.6 KG","N/A",$10.00,N/A,"N/A",each,"N/A",2026-08-13T00:00:00-04:00,2026-08-19T23:59:59-04:00,"N/A",B3K0H6
8073972,"Atlantic Superstore","N/A","BEN'S ORIGINAL™ STREET FOOD RICE, 255 g","N/A",$9.00,N/A,"N/A",each,"N/A",2026-08-13T00:00:00-04:00,2026-08-19T23:59:59-04:00,"N/A",B3K0H6
8073972,"Atlantic Superstore","N/A","PILLSBURY TOASTER STRUDEL OR SCRAMBLES, 204-326G, KELLOGG'S EGGO WAFFLES OR THICK AND FLUFFY, 8'S","N/A",$3.49,$4.49,"N/A",each,"N/A",2026-08-13T00:00:00-04:00,2026-08-19T23:59:59-04:00,"N/A",B3K0H6
8073972,"Atlantic Superstore","N/A","DR. OETKER GIUSEPPE PIZZERIA RISING CRUST OR THIN CRUST PIZZA, 501-740 G","N/A",$5.00,N/A,"N/A",each,"N/A",2026-08-13T00:00:00-04:00,2026-08-19T23:59:59-04:00,"N/A",B3K0H6
8073972,"Atlantic Superstore","N/A","FARMER'S MARKET™ PEACHES, 3 L OR NECTARINES, 2L","N/A",$5.50,N/A,"N/A",each,"N/A",2026-08-13T00:00:00-04:00,2026-08-19T23:59:59-04:00,"N/A",B3K0H6
8073972,"Atlantic Superstore","N/A","FARMER'S MARKET™ COOKIES, 12'S","N/A",$6.50,N/A,"N/A",each,"N/A",2026-08-13T00:00:00-04:00,2026-08-19T23:59:59-04:00,"N/A",B3K0H6
8073972,"Atlantic Superstore","N/A","STRIPLOIN STEAK","N/A",$15.00,N/A,"N/A",each,"N/A",2026-08-13T00:00:00-04:00,2026-08-19T23:59:59-04:00,"N/A",B3K0H6
8073972,"Atlantic Superstore","N/A","PC® TORTILLA CHIPS, 320-350 G","N/A",$2.50,N/A,"N/A",each,"N/A",2026-08-13T00:00:00-04:00,2026-08-19T23:59:59-04:00,"N/A",B3K0H6
8073972,"Atlantic Superstore","N/A","KNORR CHICKEN BOUILLON, 1 KG","N/A",$10.99,N/A,"N/A",each,"N/A",2026-08-13T00:00:00-04:00,2026-08-19T23:59:59-04:00,"N/A",B3K0H6
8073972,"Atlantic Superstore","N/A","PC® ROAST AND GROUND, 875/930 G OR WHOLE BEAN COFFEE, 820/907 G","N/A",$18.00,N/A,"N/A",each,"N/A",2026-08-13T00:00:00-04:00,2026-08-19T23:59:59-04:00,"N/A",B3K0H6
8073972,"Atlantic Superstore","N/A","DANONE ACTIVIA, 8X100 G, TROPICANA FRUIT BEVERAGES, 1.36 L OR PURE LEAF ICED TEA, 1.75 L","N/A",$4.49,N/A,"N/A",each,"N/A",2026-08-13T00:00:00-04:00,2026-08-19T23:59:59-04:00,"N/A",B3K0H6
8073972,"Atlantic Superstore","N/A","PC® NUTRITION FIRST® DOG FOOD, 2 KG","N/A",$10.00,N/A,"N/A",each,"N/A",2026-08-13T00:00:00-04:00,2026-08-19T23:59:59-04:00,"N/A",B3K0H6
8073972,"Atlantic Superstore","N/A","PC® TWO PACK DESSERTS OR PIZZA DOUGH FROZEN, 114-560 G","N/A",$4.00,N/A,"N/A",each,"N/A",2026-08-13T00:00:00-04:00,2026-08-19T23:59:59-04:00,"N/A",B3K0H6
8073972,"Atlantic Superstore","N/A","GRENADE PROTEIN BARS","N/A",$3.50,N/A,"N/A",each,"N/A",2026-08-13T00:00:00-04:00,2026-08-19T23:59:59-04:00,"N/A",B3K0H6
8073972,"Atlantic Superstore","N/A","GLAD INDOOR BAGS, 12-52'S","N/A",$8.00,N/A,"N/A",each,"N/A",2026-08-13T00:00:00-04:00,2026-08-19T23:59:59-04:00,"N/A",B3K0H6
8073972,"Atlantic Superstore","N/A","PC® BABY WIPES, 768/1200'S","N/A",$20.00,N/A,"N/A",each,"N/A",2026-08-13T00:00:00-04:00,2026-08-19T23:59:59-04:00,"N/A",B3K0H6
8073972,"Atlantic Superstore","N/A","ROOSTER® TOFU, 454 G","N/A",$4.00,N/A,"N/A",each,"N/A",2026-08-13T00:00:00-04:00,2026-08-19T23:59:59-04:00,"N/A",B3K0H6
8073972,"Atlantic Superstore","N/A","INDOMIE INSTANT NOODLES, 5'S, 400-423 G OR CROSS TURTLE CHIPS, 100 G","N/A",$3.99,N/A,"N/A",each,"N/A",2026-08-13T00:00:00-04:00,2026-08-19T23:59:59-04:00,"N/A",B3K0H6
8073972,"Atlantic Superstore","N/A","GOOD START BABY FORMULA POWDER STAGE 1 OR 2, 900 G","N/A",$33.00,N/A,"N/A",each,"N/A",2026-08-13T00:00:00-04:00,2026-08-19T23:59:59-04:00,"N/A",B3K0H6
8073972,"Atlantic Superstore","N/A","CANADIAN COVE FRESH PEI MUSSELS, 907 G","N/A",$6.50,N/A,"N/A",each,"N/A",2026-08-13T00:00:00-04:00,2026-08-19T23:59:59-04:00,"N/A",B3K0H6
8073972,"Atlantic Superstore","N/A","HERON POINT WILD CAUGHT CRAB MEAT READY TO EAT, 170 G OR PMC SWIMMING CRAB, WILD CAUGHT, RAW 680 G","N/A",$9.00,$11.00,"N/A",each,"N/A",2026-08-13T00:00:00-04:00,2026-08-19T23:59:59-04:00,"N/A",B3K0H6
8073972,"Atlantic Superstore","N/A","KOOL-AID JAMMERS, 10X180 ML","N/A",$8.00,N/A,"N/A",each,"N/A",2026-08-13T00:00:00-04:00,2026-08-19T23:59:59-04:00,"N/A",B3K0H6
8073972,"Atlantic Superstore","N/A","PRETZELS, 2'S","N/A",$3.50,N/A,"N/A",each,"N/A",2026-08-13T00:00:00-04:00,2026-08-19T23:59:59-04:00,"N/A",B3K0H6
8073972,"Atlantic Superstore","N/A","SILK NON-DAIRY BEVERAGES, 1.74-1.89 L","N/A",$6.50,N/A,"N/A",each,"N/A",2026-08-13T00:00:00-04:00,2026-08-19T23:59:59-04:00,"N/A",B3K0H6
8073972,"Atlantic Superstore","N/A","MR. NOODLES INSTANT RAMEN NOODLES, 85 G","N/A",$2.25,N/A,"N/A",each,"N/A",2026-08-13T00:00:00-04:00,2026-08-19T23:59:59-04:00,"N/A",B3K0H6
8073972,"Atlantic Superstore","N/A","NO NAME® CHICKEN WINGS, 908 G","N/A",$14.00,N/A,"N/A",each,"N/A",2026-08-13T00:00:00-04:00,2026-08-19T23:59:59-04:00,"N/A",B3K0H6
8073972,"Atlantic Superstore","N/A","PC® PLUMCOTS","N/A",$5.00,N/A,"N/A",each,"N/A",2026-08-13T00:00:00-04:00,2026-08-19T23:59:59-04:00,"N/A",B3K0H6
8073972,"Atlantic Superstore","N/A","KRAFT SALAD DRESSING, 425 ML","N/A",$4.00,N/A,"N/A",each,"N/A",2026-08-13T00:00:00-04:00,2026-08-19T23:59:59-04:00,"N/A",B3K0H6
8073972,"Atlantic Superstore","N/A","FARMER'S MARKET™ AVOCADO BAG, 5'S","N/A",$5.00,N/A,"N/A",each,"N/A",2026-08-13T00:00:00-04:00,2026-08-19T23:59:59-04:00,"N/A",B3K0H6
8073972,"Atlantic Superstore","N/A","CILANTRO","N/A",$1.25,N/A,"N/A",each,"N/A",2026-08-13T00:00:00-04:00,2026-08-19T23:59:59-04:00,"N/A",B3K0H6
8073972,"Atlantic Superstore","N/A","QUAKER MUFFIN OR COOKIE MIX, 750-900 G","N/A",$6.66,N/A,"N/A",each,"N/A",2026-08-13T00:00:00-04:00,2026-08-19T23:59:59-04:00,"N/A",B3K0H6
8073972,"Atlantic Superstore","N/A","DAIYA DAIRY-FREE PIZZA OR FLATBLREADS, 316-550 G","N/A",$11.50,N/A,"N/A",each,"N/A",2026-08-13T00:00:00-04:00,2026-08-19T23:59:59-04:00,"N/A",B3K0H6
8073972,"Atlantic Superstore","N/A","NO NAME® FREEZER BAGS, 30-40'S","N/A",$5.50,N/A,"N/A",each,"N/A",2026-08-13T00:00:00-04:00,2026-08-19T23:59:59-04:00,"N/A",B3K0H6
8073972,"Atlantic Superstore","N/A","PC® FROZEN FRUIT, 300-600 G OR NO NAME™ WHIPPED TOPPING, 1 L","N/A",$4.50,$5.50,"N/A",each,"N/A",2026-08-13T00:00:00-04:00,2026-08-19T23:59:59-04:00,"N/A",B3K0H6
8073972,"Atlantic Superstore","N/A","PC 1X BABY WIPES, 100'S","N/A",$2.00,N/A,"N/A",each,"N/A",2026-08-13T00:00:00-04:00,2026-08-19T23:59:59-04:00,"N/A",B3K0H6
8073972,"Atlantic Superstore","N/A","UFC COCONUT WATER, 1 L","N/A",$3.50,N/A,"N/A",each,"N/A",2026-08-13T00:00:00-04:00,2026-08-19T23:59:59-04:00,"N/A",B3K0H6
8073972,"Atlantic Superstore","N/A","BROOKE BOND RED LABEL TEA, 900 G","N/A",$10.00,N/A,"N/A",each,"N/A",2026-08-13T00:00:00-04:00,2026-08-19T23:59:59-04:00,"N/A",B3K0H6
8073972,"Atlantic Superstore","N/A","GATORADE SPORTS DRINK, 6X591 ML","N/A",$13.00,N/A,"N/A",each,"N/A",2026-08-13T00:00:00-04:00,2026-08-19T23:59:59-04:00,"N/A",B3K0H6
8073972,"Atlantic Superstore","N/A","BEEF CROSS RIB STEAK OR ROAST","N/A",$7.88,N/A,"N/A",each,"N/A",2026-08-13T00:00:00-04:00,2026-08-19T23:59:59-04:00,"N/A",B3K0H6
8073972,"Atlantic Superstore","N/A","NATIVE HAIR CARE, SOAP, DEODORANT, DRY SPRAY, BODY WASH OR LOTION","N/A",N/A,N/A,"N/A",each,"N/A",2026-08-13T00:00:00-04:00,2026-08-19T23:59:59-04:00,"N/A",B3K0H6
8073972,"Atlantic Superstore","N/A","NO NAME® SALSA, 430 ML OR REFRIED BEANS, 398 ML","N/A",$5.00,$5.98,"N/A",each,"N/A",2026-08-13T00:00:00-04:00,2026-08-19T23:59:59-04:00,"N/A",B3K0H6
8073972,"Atlantic Superstore","N/A","MAPLE LEAF NATURAL SELECTIONS OR SCHNEIDERS SLICED MEATS, 150-175 G","N/A",$7.00,$8.00,"N/A",each,"N/A",2026-08-13T00:00:00-04:00,2026-08-19T23:59:59-04:00,"N/A",B3K0H6
8073972,"Atlantic Superstore","N/A","FARMER'S MARKET™ LOAF CAKE, , 344-400 G","N/A",$5.00,N/A,"N/A",each,"N/A",2026-08-13T00:00:00-04:00,2026-08-19T23:59:59-04:00,"N/A",B3K0H6
8073972,"Atlantic Superstore","N/A","NO NAME® POTATOES OR VEGETABLES, 341-540 ML","N/A",$5.00,N/A,"N/A",each,"N/A",2026-08-13T00:00:00-04:00,2026-08-19T23:59:59-04:00,"N/A",B3K0H6
8073972,"Atlantic Superstore","N/A","POMEGRANATE","N/A",$3.50,N/A,"N/A",each,"N/A",2026-08-13T00:00:00-04:00,2026-08-19T23:59:59-04:00,"N/A",B3K0H6
8073972,"Atlantic Superstore","N/A","HEIWA SANUKI-STYLE UDON, 1.25 KG","N/A",$4.99,N/A,"N/A",each,"N/A",2026-08-13T00:00:00-04:00,2026-08-19T23:59:59-04:00,"N/A",B3K0H6
8073972,"Atlantic Superstore","N/A","JACK LINK'S MEAT SNACKS, 230 G","N/A",$14.99,N/A,"N/A",each,"N/A",2026-08-13T00:00:00-04:00,2026-08-19T23:59:59-04:00,"N/A",B3K0H6
8073972,"Atlantic Superstore","N/A","ROOSTER® LIQUID HONEY, 1 KG","N/A",$9.00,N/A,"N/A",each,"N/A",2026-08-13T00:00:00-04:00,2026-08-19T23:59:59-04:00,"N/A",B3K0H6
8073972,"Atlantic Superstore","N/A","MICHELOB 0.0% NON-ALCOHOLIC BEER, 6X355 ML","N/A",$10.99,N/A,"N/A",each,"N/A",2026-08-13T00:00:00-04:00,2026-08-19T23:59:59-04:00,"N/A",B3K0H6
8073972,"Atlantic Superstore","N/A","JORDANS MORNING CRISP CEREAL, GRANOLA OR MUESLI, 325-400 G","N/A",$6.00,N/A,"N/A",each,"N/A",2026-08-13T00:00:00-04:00,2026-08-19T23:59:59-04:00,"N/A",B3K0H6
8073972,"Atlantic Superstore","N/A","GREEN GIANT VEGETABLES, 341/398 ML","N/A",$6.00,N/A,"N/A",each,"N/A",2026-08-13T00:00:00-04:00,2026-08-19T23:59:59-04:00,"N/A",B3K0H6
8073972,"Atlantic Superstore","N/A","CADBURY DAIRY MILK, CARAMILK OR FAMILY BARS CHOCOLATE BARS, 80-105 G","N/A",$6.00,N/A,"N/A",each,"N/A",2026-08-13T00:00:00-04:00,2026-08-19T23:59:59-04:00,"N/A",B3K0H6
8073972,"Atlantic Superstore","N/A","PC® ORGANICS BLACK, GREEN OR RED SEEDLESS GRAPES, 907 G","N/A",$10.00,N/A,"N/A",each,"N/A",2026-08-13T00:00:00-04:00,2026-08-19T23:59:59-04:00,"N/A",B3K0H6
8073972,"Atlantic Superstore","N/A","TYLENOL TABLETS, CAPLETS OR GELCAPS, 60-150'S","N/A",$15.00,N/A,"N/A",each,"N/A",2026-08-13T00:00:00-04:00,2026-08-19T23:59:59-04:00,"N/A",B3K0H6
8073972,"Atlantic Superstore","N/A","BAGELS 6'S OR MINI BAGELS, 8'S","N/A",$7.00,N/A,"N/A",each,"N/A",2026-08-13T00:00:00-04:00,2026-08-19T23:59:59-04:00,"N/A",B3K0H6
8073972,"Atlantic Superstore","N/A","NEUTROGENA OR AVEENO SUNCARE PRODUCTS","N/A",N/A,N/A,"N/A",each,"N/A",2026-08-13T00:00:00-04:00,2026-08-19T23:59:59-04:00,"N/A",B3K0H6
8073972,"Atlantic Superstore","N/A","TILDA PURE BASMATI RICE, 10 LB","N/A",$12.99,N/A,"N/A",each,"N/A",2026-08-13T00:00:00-04:00,2026-08-19T23:59:59-04:00,"N/A",B3K0H6
8073972,"Atlantic Superstore","N/A","NIVEA BODY WASH 500 ML, DEODORANT ROLL-ON 50 ML, ANTIPERSPIRANT 51/52 G OR SPRAY 150 ML","N/A",$3.29,N/A,"N/A",each,"N/A",2026-08-13T00:00:00-04:00,2026-08-19T23:59:59-04:00,"N/A",B3K0H6
8073972,"Atlantic Superstore","N/A","NO NAME® WIENERS, 450 G","N/A",$3.00,N/A,"N/A",each,"N/A",2026-08-13T00:00:00-04:00,2026-08-19T23:59:59-04:00,"N/A",B3K0H6
8073972,"Atlantic Superstore","N/A","NO NAME® MUSHROOMS, 284 ML","N/A",$1.50,N/A,"N/A",each,"N/A",2026-08-13T00:00:00-04:00,2026-08-19T23:59:59-04:00,"N/A",B3K0H6
8073972,"Atlantic Superstore","N/A","GARNIER FRUCTIS SHAMPOO OR CONDITIONER, 334-384 ML","N/A",$4.00,N/A,"N/A",each,"N/A",2026-08-13T00:00:00-04:00,2026-08-19T23:59:59-04:00,"N/A",B3K0H6
8073972,"Atlantic Superstore","N/A","BATISTE DRY SHAMPOO, 200 ML","N/A",$9.00,N/A,"N/A",each,"N/A",2026-08-13T00:00:00-04:00,2026-08-19T23:59:59-04:00,"N/A",B3K0H6
8073972,"Atlantic Superstore","N/A","ASTRO BALKAN YOGURT, 750 G","N/A",$4.00,N/A,"N/A",each,"N/A",2026-08-13T00:00:00-04:00,2026-08-19T23:59:59-04:00,"N/A",B3K0H6
8073972,"Atlantic Superstore","N/A","NEW ZEALAND LAMB LOIN CHOPS, 350 G","N/A",$15.00,N/A,"N/A",each,"N/A",2026-08-13T00:00:00-04:00,2026-08-19T23:59:59-04:00,"N/A",B3K0H6
8073972,"Atlantic Superstore","N/A","NO NAME® DISINFECTING WIPES, 35'S","N/A",$2.50,N/A,"N/A",each,"N/A",2026-08-13T00:00:00-04:00,2026-08-19T23:59:59-04:00,"N/A",B3K0H6
8073972,"Atlantic Superstore","N/A","MCCAIN PIZZA POCKETS, 540/600 G","N/A",$7.00,N/A,"N/A",each,"N/A",2026-08-13T00:00:00-04:00,2026-08-19T23:59:59-04:00,"N/A",B3K0H6
8073972,"Atlantic Superstore","N/A","IVORY BAR SOAP, 10X90 G OR BODY WASH, 621 ML","N/A",$5.00,N/A,"N/A",each,"N/A",2026-08-13T00:00:00-04:00,2026-08-19T23:59:59-04:00,"N/A",B3K0H6
8073972,"Atlantic Superstore","N/A","PEACE TEA OR FUZE ICED TEA, 12X341 ML","N/A",$8.99,N/A,"N/A",each,"N/A",2026-08-13T00:00:00-04:00,2026-08-19T23:59:59-04:00,"N/A",B3K0H6
8073972,"Atlantic Superstore","N/A","TIDE LIQUID, 887 ML-1L, PODS, 9/16'S, DOWNY FABRIC SOFTENER 780 ML- 1.31 L OR SCENT BOOSTERS, 141 G OR BOUNCE DRYER SHEETS, 40/80'S","N/A",$5.00,N/A,"N/A",each,"N/A",2026-08-13T00:00:00-04:00,2026-08-19T23:59:59-04:00,"N/A",B3K0H6
8073972,"Atlantic Superstore","N/A","ALLEN'S*, ARIZONA*, DEL MONTE* OR OASIS JUICE, COCKTAILS, NECTARS OR ICED TEA, 8X200 ML","N/A",$4.49,$5.99,"N/A",each,"N/A",2026-08-13T00:00:00-04:00,2026-08-19T23:59:59-04:00,"N/A",B3K0H6
8073972,"Atlantic Superstore","N/A","PC® DE-ALCOHOLIZED WINE, 750 ML","N/A",$7.50,N/A,"N/A",each,"N/A",2026-08-13T00:00:00-04:00,2026-08-19T23:59:59-04:00,"N/A",B3K0H6
8073972,"Atlantic Superstore","N/A","YOPLAIT® SOURCE PROTEIN®, 650 G","N/A",$5.50,N/A,"N/A",each,"N/A",2026-08-13T00:00:00-04:00,2026-08-19T23:59:59-04:00,"N/A",B3K0H6
8073972,"Atlantic Superstore","N/A","NO NAME® JAM, 500 ML OR PEANUT BUTTER, 1 KG","N/A",$5.50,N/A,"N/A",each,"N/A",2026-08-13T00:00:00-04:00,2026-08-19T23:59:59-04:00,"N/A",B3K0H6
8073972,"Atlantic Superstore","N/A","PC® FROZEN VEGETABLES, 350-750 G OR CAVENDISH FARMS® FROZEN POTATOES OR ONION RINGS, 400-750 G","N/A",$3.00,N/A,"N/A",each,"N/A",2026-08-13T00:00:00-04:00,2026-08-19T23:59:59-04:00,"N/A",B3K0H6
8073972,"Atlantic Superstore","N/A","PILLER'S KOLBASSA, 250/375 G OR BALDERSON CHEDDAR, 250-280 G OR GOUDA, 170-200 G","N/A",$6.00,N/A,"N/A",each,"N/A",2026-08-13T00:00:00-04:00,2026-08-19T23:59:59-04:00,"N/A",B3K0H6
8073972,"Atlantic Superstore","N/A","CLIF KID ORGANIC ZBAR ENERGY SNACK BARS 180 G OR CLIF MINIS SNACK-SIZE ENERGY BARS 5X28 G","N/A",$3.50,N/A,"N/A",each,"N/A",2026-08-13T00:00:00-04:00,2026-08-19T23:59:59-04:00,"N/A",B3K0H6
8073972,"Atlantic Superstore","N/A","BICK'S PICKLES, 1 L OR HEINZ PICNIC PACK, 1,125 ML OR PC® SPLENDIDO OLIVE, OIL 500 ML","N/A",$5.00,N/A,"N/A",each,"N/A",2026-08-13T00:00:00-04:00,2026-08-19T23:59:59-04:00,"N/A",B3K0H6
8073972,"Atlantic Superstore","N/A","GERBER ORGANIC PURÉE OR MEALTIME BABY FOOD, 99 G-162 ML","N/A",$9.00,N/A,"N/A",each,"N/A",2026-08-13T00:00:00-04:00,2026-08-19T23:59:59-04:00,"N/A",B3K0H6
8073972,"Atlantic Superstore","N/A","KIND BREAKFAST OR HEALTHY GRAIN BARS, 175-200 G","N/A",$4.50,N/A,"N/A",each,"N/A",2026-08-13T00:00:00-04:00,2026-08-19T23:59:59-04:00,"N/A",B3K0H6
8073972,"Atlantic Superstore","N/A","SANPELLEGRINO NATURALI, LIGHT OR CIAO! SPARKLING FRUIT BEVERAGES , 6X330 ML","N/A",$6.49,N/A,"N/A",each,"N/A",2026-08-13T00:00:00-04:00,2026-08-19T23:59:59-04:00,"N/A",B3K0H6
8073972,"Atlantic Superstore","N/A","BEN'S ORIGINAL™ STREET FOOD NOODLES, 250 g","N/A",$9.00,N/A,"N/A",each,"N/A",2026-08-13T00:00:00-04:00,2026-08-19T23:59:59-04:00,"N/A",B3K0H6
8073972,"Atlantic Superstore","N/A","PC® LEMONADE, 1.89 L","N/A",$3.00,N/A,"N/A",each,"N/A",2026-08-13T00:00:00-04:00,2026-08-19T23:59:59-04:00,"N/A",B3K0H6
8073972,"Atlantic Superstore","N/A","SWEET BICOLOUR CORN","N/A",$3.00,N/A,"N/A",each,"N/A",2026-08-13T00:00:00-04:00,2026-08-19T23:59:59-04:00,"N/A",B3K0H6
8073972,"Atlantic Superstore","N/A","GENERAL MILLS JUMBO CEREAL, 816 G-1.3 KG","N/A",$9.99,N/A,"N/A",each,"N/A",2026-08-13T00:00:00-04:00,2026-08-19T23:59:59-04:00,"N/A",B3K0H6
8073972,"Atlantic Superstore","N/A","SURAJ® NAAN FLATBREADS, 10'S","N/A",$4.00,N/A,"N/A",each,"N/A",2026-08-13T00:00:00-04:00,2026-08-19T23:59:59-04:00,"N/A",B3K0H6
8073972,"Atlantic Superstore","N/A","FARMER'S MARKET™ BLUE PLUMS, 1.5 L","N/A",$8.00,N/A,"N/A",each,"N/A",2026-08-13T00:00:00-04:00,2026-08-19T23:59:59-04:00,"N/A",B3K0H6
8073972,"Atlantic Superstore","N/A","PC® EXTRA LARGE GREEN OR RED SEEDLESS GRAPES","N/A",$4.50,N/A,"N/A",each,"N/A",2026-08-13T00:00:00-04:00,2026-08-19T23:59:59-04:00,"N/A",B3K0H6
8073972,"Atlantic Superstore","N/A","LIBERTÉ MÉDITERRANÉE®, 500 g","N/A",$3.25,N/A,"N/A",each,"N/A",2026-08-13T00:00:00-04:00,2026-08-19T23:59:59-04:00,"N/A",B3K0H6
8073972,"Atlantic Superstore","N/A","NATIVE BODY LOTIONS","N/A",$16.00,N/A,"N/A",each,"N/A",2026-08-13T00:00:00-04:00,2026-08-19T23:59:59-04:00,"N/A",B3K0H6
8073972,"Atlantic Superstore","N/A","NO NAME® RICE CRACKERS, 100 G","N/A",$1.50,N/A,"N/A",each,"N/A",2026-08-13T00:00:00-04:00,2026-08-19T23:59:59-04:00,"N/A",B3K0H6
8073972,"Atlantic Superstore","N/A","NICE'N EASY OR NATURAL INSTINCTS HAIR COLOUR","N/A",$8.00,N/A,"N/A",each,"N/A",2026-08-13T00:00:00-04:00,2026-08-19T23:59:59-04:00,"N/A",B3K0H6
8073972,"Atlantic Superstore","N/A","FARM FRESH FLOWERS","N/A",$10.00,N/A,"N/A",each,"N/A",2026-08-13T00:00:00-04:00,2026-08-19T23:59:59-04:00,"N/A",B3K0H6
8073972,"Atlantic Superstore","N/A","ENFAMIL A+ NEUROPRO OR GENTLEASE BABY FORMULA POWDER TUBS 0-12 MONTHS, 553/587 G","N/A",$50.00,N/A,"N/A",each,"N/A",2026-08-13T00:00:00-04:00,2026-08-19T23:59:59-04:00,"N/A",B3K0H6
8073972,"Atlantic Superstore","N/A","NO NAME® NATURALLY IMPERFECT™ TOMATOES, 2.5 LB","N/A",$6.00,N/A,"N/A",each,"N/A",2026-08-13T00:00:00-04:00,2026-08-19T23:59:59-04:00,"N/A",B3K0H6
8073972,"Atlantic Superstore","N/A","DARE REAL FRUIT PLANT BASED GUMMIES, 50'S, 600 G","N/A",$11.00,N/A,"N/A",each,"N/A",2026-08-13T00:00:00-04:00,2026-08-19T23:59:59-04:00,"N/A",B3K0H6
8073972,"Atlantic Superstore","N/A","IN-STORE PREPARED BBQ CHICKEN OR PULLED PORK SLIDERS, 695-900 G","N/A",$16.00,N/A,"N/A",each,"N/A",2026-08-13T00:00:00-04:00,2026-08-19T23:59:59-04:00,"N/A",B3K0H6
8073972,"Atlantic Superstore","N/A","PRINGLES PARTY STACK POTATO CHIPS, 179/203 G OR MINGLES, 155 G","N/A",$2.99,$3.99,"N/A",each,"N/A",2026-08-13T00:00:00-04:00,2026-08-19T23:59:59-04:00,"N/A",B3K0H6
8073972,"Atlantic Superstore","N/A","FARMER'S MARKET™ YELLOW ONIONS, 3 LB","N/A",$3.49,N/A,"N/A",each,"N/A",2026-08-13T00:00:00-04:00,2026-08-19T23:59:59-04:00,"N/A",B3K0H6
8073972,"Atlantic Superstore","N/A","O'FOOD GOCHUJANG CHILI SAUCE, 215 G","N/A",$5.99,$7.49,"N/A",each,"N/A",2026-08-13T00:00:00-04:00,2026-08-19T23:59:59-04:00,"N/A",B3K0H6
8073972,"Atlantic Superstore","N/A","CANTALOUPE","N/A",$4.00,N/A,"N/A",each,"N/A",2026-08-13T00:00:00-04:00,2026-08-19T23:59:59-04:00,"N/A",B3K0H6
8073972,"Atlantic Superstore","N/A","NO NAME™ EGG NOODLES, 340 G","N/A",$3.00,N/A,"N/A",each,"N/A",2026-08-13T00:00:00-04:00,2026-08-19T23:59:59-04:00,"N/A",B3K0H6
8073972,"Atlantic Superstore","N/A","PAMPERS SWADDLERS OR CRUISERS 360° ULTRA VALUE PACK DIAPERS, SIZES 3-7, 92-192'S","N/A",$45.00,N/A,"N/A",each,"N/A",2026-08-13T00:00:00-04:00,2026-08-19T23:59:59-04:00,"N/A",B3K0H6
8073972,"Atlantic Superstore","N/A","BRAR'S MALAI PANEER, 375 G","N/A",$5.99,N/A,"N/A",each,"N/A",2026-08-13T00:00:00-04:00,2026-08-19T23:59:59-04:00,"N/A",B3K0H6
8073972,"Atlantic Superstore","N/A","ZINDA COUSCOUS, 907 G","N/A",$3.00,$3.79,"N/A",each,"N/A",2026-08-13T00:00:00-04:00,2026-08-19T23:59:59-04:00,"N/A",B3K0H6
8073972,"Atlantic Superstore","N/A","SKINNYPOP POPCORN, 125/150 G","N/A",$3.00,N/A,"N/A",each,"N/A",2026-08-13T00:00:00-04:00,2026-08-19T23:59:59-04:00,"N/A",B3K0H6
8073972,"Atlantic Superstore","N/A","TOMATOES ON THE VINE","N/A",$1.50,N/A,"N/A",each,"N/A",2026-08-13T00:00:00-04:00,2026-08-19T23:59:59-04:00,"N/A",B3K0H6
8073972,"Atlantic Superstore","N/A","CARNATIONS BUNCH BOUQUET D'ŒILLETS","N/A",$10.00,N/A,"N/A",each,"N/A",2026-08-13T00:00:00-04:00,2026-08-19T23:59:59-04:00,"N/A",B3K0H6
8073972,"Atlantic Superstore","N/A","HYDRO SILK SENSITIVE, TOUCH-UP RAZOR OR XTREME SENSITIVE SKIN DISPOSABLE RAZORS, 2-41's","N/A",$5.72,N/A,"N/A",each,"N/A",2026-08-13T00:00:00-04:00,2026-08-19T23:59:59-04:00,"N/A",B3K0H6
8073972,"Atlantic Superstore","N/A","PARLE-G ORIGINAL BISCUITS, 300 G Or HIDE & SEEK FAB COOKIES, 85 G","N/A",$1.00,N/A,"N/A",each,"N/A",2026-08-13T00:00:00-04:00,2026-08-19T23:59:59-04:00,"N/A",B3K0H6
8073972,"Atlantic Superstore","N/A","ZABIHA HALAL OR MAPLE LODGE FARMS CHICKEN WIENERS, 450 G","N/A",$2.00,N/A,"N/A",each,"N/A",2026-08-13T00:00:00-04:00,2026-08-19T23:59:59-04:00,"N/A",B3K0H6
8073972,"Atlantic Superstore","N/A","QUE PASA ORGANIC TORTILLA CHIPS, 300/350 G","N/A",$3.00,N/A,"N/A",each,"N/A",2026-08-13T00:00:00-04:00,2026-08-19T23:59:59-04:00,"N/A",B3K0H6
8073972,"Atlantic Superstore","N/A","WONDER OR D'ITALIANO BREAD OR BUNS, 420-675 G","N/A",$7.00,N/A,"N/A",each,"N/A",2026-08-13T00:00:00-04:00,2026-08-19T23:59:59-04:00,"N/A",B3K0H6
8073972,"Atlantic Superstore","N/A","U BY KOTEX LINERS, 80-129'S, PADS, 24-44'S OR TAMPONS, 30-32'S","N/A",$11.00,N/A,"N/A",each,"N/A",2026-08-13T00:00:00-04:00,2026-08-19T23:59:59-04:00,"N/A",B3K0H6
8073972,"Atlantic Superstore","N/A","EGGPLANT","N/A",$3.00,N/A,"N/A",each,"N/A",2026-08-13T00:00:00-04:00,2026-08-19T23:59:59-04:00,"N/A",B3K0H6
8073972,"Atlantic Superstore","N/A","HELLMANN'S MAYONNAISE OR MAYONNAISE TYPE DRESSING, 710-890 ML","N/A",$6.00,N/A,"N/A",each,"N/A",2026-08-13T00:00:00-04:00,2026-08-19T23:59:59-04:00,"N/A",B3K0H6
8073972,"Atlantic Superstore","N/A","BETTY CROCKER OR MOTT'S FRUIT SENSATIONS FRUIT SNACKS OR GENERAL MILLS OR NATURE VALLEY GRANOLA BARS OR TREATS BARS, 120-226 G","N/A",$2.50,N/A,"N/A",each,"N/A",2026-08-13T00:00:00-04:00,2026-08-19T23:59:59-04:00,"N/A",B3K0H6
8073972,"Atlantic Superstore","N/A","LIBERTÉ MEDITERRANÉE, 500 G OR 4 X 100 G","N/A",$3.25,N/A,"N/A",each,"N/A",2026-08-13T00:00:00-04:00,2026-08-19T23:59:59-04:00,"N/A",B3K0H6
8073972,"Atlantic Superstore","N/A","PC® DIPS OR HUMMUS, 454 G","N/A",$7.00,N/A,"N/A",each,"N/A",2026-08-13T00:00:00-04:00,2026-08-19T23:59:59-04:00,"N/A",B3K0H6
8073972,"Atlantic Superstore","N/A","ROYAL GALA APPLES","N/A",$2.99,N/A,"N/A",each,"N/A",2026-08-13T00:00:00-04:00,2026-08-19T23:59:59-04:00,"N/A",B3K0H6
8073972,"Atlantic Superstore","N/A","ENGLISH CUCUMBERS","N/A",$1.00,N/A,"N/A",each,"N/A",2026-08-13T00:00:00-04:00,2026-08-19T23:59:59-04:00,"N/A",B3K0H6
8073972,"Atlantic Superstore","N/A","PC® ORANGE JUICE 2.5 L OR YOPLAIT CREAMY OR SOURCE YOGURT 16 X 100 G","N/A",$6.50,$8.00,"N/A",each,"N/A",2026-08-13T00:00:00-04:00,2026-08-19T23:59:59-04:00,"N/A",B3K0H6
8073972,"Atlantic Superstore","N/A","PC® SIGNATURE GIFT BOUQUET","N/A",$26.00,N/A,"N/A",each,"N/A",2026-08-13T00:00:00-04:00,2026-08-19T23:59:59-04:00,"N/A",B3K0H6
8073972,"Atlantic Superstore","N/A","PC® ESSUIE-TOUT TOWEL, 12 ROLLS","N/A",$24.99,N/A,"N/A",each,"N/A",2026-08-13T00:00:00-04:00,2026-08-19T23:59:59-04:00,"N/A",B3K0H6
8071953,"Walmart","N/A","Coca-Cola mini cans Pop","N/A",$3.97,N/A,"N/A",each,"N/A",2026-08-06T00:00:00-04:00,2026-08-12T23:59:59-04:00,"N/A",B3K0H6
8071953,"Walmart","N/A","Kruzer 200 folding scooter","N/A",$99.97,N/A,"N/A",each,"N/A",2026-08-06T00:00:00-04:00,2026-08-12T23:59:59-04:00,"N/A",B3K0H6
8071953,"Walmart","N/A","Hot Wheels electric scooter","N/A",$148.00,N/A,"N/A",each,"N/A",2026-08-06T00:00:00-04:00,2026-08-12T23:59:59-04:00,"N/A",B3K0H6
8071953,"Walmart","N/A","Logitech wireless mouse","N/A",$19.98,$29.98,"N/A",each,"N/A",2026-08-06T00:00:00-04:00,2026-08-12T23:59:59-04:00,"N/A",B3K0H6
8071953,"Walmart","N/A","Nutella hazelnut or peanut","N/A",$8.47,N/A,"N/A",each,"N/A",2026-08-06T00:00:00-04:00,2026-08-12T23:59:59-04:00,"N/A",B3K0H6
8071953,"Walmart","N/A","Dell 16"" Entertainment laptop","N/A",$898.00,N/A,"N/A",each,"N/A",2026-08-06T00:00:00-04:00,2026-08-12T23:59:59-04:00,"N/A",B3K0H6
8071953,"Walmart","N/A","Fuze iced tea","N/A",$7.47,$8.47,"N/A",each,"N/A",2026-08-06T00:00:00-04:00,2026-08-12T23:59:59-04:00,"N/A",B3K0H6
8071953,"Walmart","N/A","Sharpie Toy Story 5 permanent markers","N/A",$3.48,N/A,"N/A",each,"N/A",2026-08-06T00:00:00-04:00,2026-08-12T23:59:59-04:00,"N/A",B3K0H6
8071953,"Walmart","N/A","Skross backpack","N/A",$34.97,N/A,"N/A",each,"N/A",2026-08-06T00:00:00-04:00,2026-08-12T23:59:59-04:00,"N/A",B3K0H6
8071953,"Walmart","N/A","Selected stationery","N/A",$3.00,N/A,"N/A",each,"N/A",2026-08-06T00:00:00-04:00,2026-08-12T23:59:59-04:00,"N/A",B3K0H6
8071953,"Walmart","N/A","Great Value sandwich bags","N/A",$2.74,N/A,"N/A",each,"N/A",2026-08-06T00:00:00-04:00,2026-08-12T23:59:59-04:00,"N/A",B3K0H6
8071953,"Walmart","N/A","Royal & Langnickel Essentials paint set","N/A",$7.97,N/A,"N/A",each,"N/A",2026-08-06T00:00:00-04:00,2026-08-12T23:59:59-04:00,"N/A",B3K0H6
8071953,"Walmart","N/A","Great Value zipper seal freezer bags","N/A",$4.94,N/A,"N/A",each,"N/A",2026-08-06T00:00:00-04:00,2026-08-12T23:59:59-04:00,"N/A",B3K0H6
8071953,"Walmart","N/A","JLAB GO Wireless Bluetooth mouse","N/A",$12.98,$19.98,"N/A",each,"N/A",2026-08-06T00:00:00-04:00,2026-08-12T23:59:59-04:00,"N/A",B3K0H6
8071953,"Walmart","N/A","HP Envy 6152E all-in-one printer","N/A",$79.98,$164.98,"N/A",each,"N/A",2026-08-06T00:00:00-04:00,2026-08-12T23:59:59-04:00,"N/A",B3K0H6
8071953,"Walmart","N/A","RITZ Handi-Snacks crackers 'n cheesy dip","N/A",$9.48,N/A,"N/A",each,"N/A",2026-08-06T00:00:00-04:00,2026-08-12T23:59:59-04:00,"N/A",B3K0H6
8071953,"Walmart","N/A","Sharpie original 12-pack or Mystic Gems fine-point 14-pack permanent markers","N/A",$7.98,$16.88,"N/A",each,"N/A",2026-08-06T00:00:00-04:00,2026-08-12T23:59:59-04:00,"N/A",B3K0H6
8071953,"Walmart","N/A","TAL 24-oz. stainless steel 2-in-l straw and chug water bottle","N/A",$18.98,N/A,"N/A",each,"N/A",2026-08-06T00:00:00-04:00,2026-08-12T23:59:59-04:00,"N/A",B3K0H6
8071953,"Walmart","N/A","Pen+Gear report cover","N/A",$0.22,$0.98,"N/A",each,"N/A",2026-08-06T00:00:00-04:00,2026-08-12T23:59:59-04:00,"N/A",B3K0H6
8071953,"Walmart","N/A","Reese's Big Cup stuffed with Pieces King","N/A",$2.18,N/A,"N/A",each,"N/A",2026-08-06T00:00:00-04:00,2026-08-12T23:59:59-04:00,"N/A",B3K0H6
8071953,"Walmart","N/A","Christie Chips Ahoy! Mini Cookies Snak Paks","N/A",$2.48,$2.98,"N/A",each,"N/A",2026-08-06T00:00:00-04:00,2026-08-12T23:59:59-04:00,"N/A",B3K0H6
8071953,"Walmart","N/A","Dime 3 XT true wireless earbuds","N/A",$29.98,$39.98,"N/A",each,"N/A",2026-08-06T00:00:00-04:00,2026-08-12T23:59:59-04:00,"N/A",B3K0H6
8071953,"Walmart","N/A","Starfrit Lock&Lock Easy Match food storage containers","N/A",$6.97,$9.47,"N/A",each,"N/A",2026-08-06T00:00:00-04:00,2026-08-12T23:59:59-04:00,"N/A",B3K0H6
8071953,"Walmart","N/A","onn. 30W I-port USB-C charger with 3' Type-C cable","N/A",$27.98,N/A,"N/A",each,"N/A",2026-08-06T00:00:00-04:00,2026-08-12T23:59:59-04:00,"N/A",B3K0H6
8071953,"Walmart","N/A","OREO Mini Snak Paks Pack.","N/A",$2.48,$2.98,"N/A",each,"N/A",2026-08-06T00:00:00-04:00,2026-08-12T23:59:59-04:00,"N/A",B3K0H6
8071953,"Walmart","N/A","Ritz Bits Snackwiches 10-Snak Paks","N/A",$4.98,N/A,"N/A",each,"N/A",2026-08-06T00:00:00-04:00,2026-08-12T23:59:59-04:00,"N/A",B3K0H6
8071953,"Walmart","N/A","Reese's Minis Peanut Butter Cups candy","N/A",$4.48,$5.98,"N/A",each,"N/A",2026-08-06T00:00:00-04:00,2026-08-12T23:59:59-04:00,"N/A",B3K0H6
8071953,"Walmart","N/A","Zevia Strawberry Lemon Burst soda","N/A",$6.48,N/A,"N/A",each,"N/A",2026-08-06T00:00:00-04:00,2026-08-12T23:59:59-04:00,"N/A",B3K0H6
8071953,"Walmart","N/A","Canon imageCLASS MF3010 laser printer","N/A",$99.98,$179.98,"N/A",each,"N/A",2026-08-06T00:00:00-04:00,2026-08-12T23:59:59-04:00,"N/A",B3K0H6
8071953,"Walmart","N/A","HP DeskJet 2942 all-in-one printer","N/A",$49.98,$69.98,"N/A",each,"N/A",2026-08-06T00:00:00-04:00,2026-08-12T23:59:59-04:00,"N/A",B3K0H6
8071953,"Walmart","N/A","Starfrit Lock & Lock Easy Match food storage containers","N/A",$6.97,$9.47,"N/A",each,"N/A",2026-08-06T00:00:00-04:00,2026-08-12T23:59:59-04:00,"N/A",B3K0H6
8071953,"Walmart","N/A","Pen+Gear binders","N/A",$4.97,$5.47,"N/A",each,"N/A",2026-08-06T00:00:00-04:00,2026-08-12T23:59:59-04:00,"N/A",B3K0H6
8071953,"Walmart","N/A","Math Roller Addition stamps","N/A",$12.97,N/A,"N/A",each,"N/A",2026-08-06T00:00:00-04:00,2026-08-12T23:59:59-04:00,"N/A",B3K0H6
8071953,"Walmart","N/A","4-Piece backpack set","N/A",$16.97,N/A,"N/A",each,"N/A",2026-08-06T00:00:00-04:00,2026-08-12T23:59:59-04:00,"N/A",B3K0H6
8071953,"Walmart","N/A","Christie Chips Ahoy! Mini Cookies Snak Paks","N/A",$2.48,$2.98,"N/A",each,"N/A",2026-08-06T00:00:00-04:00,2026-08-12T23:59:59-04:00,"N/A",B3K0H6
8071953,"Walmart","N/A","GO Wireless Keyboard","N/A",$19.98,$29.98,"N/A",each,"N/A",2026-08-06T00:00:00-04:00,2026-08-12T23:59:59-04:00,"N/A",B3K0H6
8071953,"Walmart","N/A","Pen+Gear report cover","N/A",$0.22,$0.98,"N/A",each,"N/A",2026-08-06T00:00:00-04:00,2026-08-12T23:59:59-04:00,"N/A",B3K0H6
8071953,"Walmart","N/A","3M Command value packs","N/A",$11.97,N/A,"N/A",each,"N/A",2026-08-06T00:00:00-04:00,2026-08-12T23:59:59-04:00,"N/A",B3K0H6
8071953,"Walmart","N/A","Hello Hobby stretched canvases","N/A",$16.97,$18.97,"N/A",each,"N/A",2026-08-06T00:00:00-04:00,2026-08-12T23:59:59-04:00,"N/A",B3K0H6
8071953,"Walmart","N/A","Selected padlocks","N/A",$9.97,N/A,"N/A",each,"N/A",2026-08-06T00:00:00-04:00,2026-08-12T23:59:59-04:00,"N/A",B3K0H6
8071953,"Walmart","N/A","Heys licensed backpack","N/A",$16.97,N/A,"N/A",each,"N/A",2026-08-06T00:00:00-04:00,2026-08-12T23:59:59-04:00,"N/A",B3K0H6
8071953,"Walmart","N/A","15.6"" Aspire Lite FHD IPS laptop","N/A",$399.98,$479.98,"N/A",each,"N/A",2026-08-06T00:00:00-04:00,2026-08-12T23:59:59-04:00,"N/A",B3K0H6
8071953,"Walmart","N/A","TUCCI Italy SportSurge 17.3"" laptop backpack","N/A",$61.99,$70.00,"N/A",each,"N/A",2026-08-06T00:00:00-04:00,2026-08-12T23:59:59-04:00,"N/A",B3K0H6
8071953,"Walmart","N/A","Fuze raspberry iced tea","N/A",$2.77,N/A,"N/A",each,"N/A",2026-08-06T00:00:00-04:00,2026-08-12T23:59:59-04:00,"N/A",B3K0H6
8071953,"Walmart","N/A","Uni Posca PC-5M water-based paint markers","N/A",$23.44,$27.44,"N/A",each,"N/A",2026-08-06T00:00:00-04:00,2026-08-12T23:59:59-04:00,"N/A",B3K0H6
8071953,"Walmart","N/A","Pen+Gear binders","N/A",$4.97,$5.47,"N/A",each,"N/A",2026-08-06T00:00:00-04:00,2026-08-12T23:59:59-04:00,"N/A",B3K0H6
8071953,"Walmart","N/A","Expo dry erase markers 8-pack","N/A",$11.48,$15.48,"N/A",each,"N/A",2026-08-06T00:00:00-04:00,2026-08-12T23:59:59-04:00,"N/A",B3K0H6
8071953,"Walmart","N/A","Dual-compartment lunch bag","N/A",$16.97,N/A,"N/A",each,"N/A",2026-08-06T00:00:00-04:00,2026-08-12T23:59:59-04:00,"N/A",B3K0H6
8071953,"Walmart","N/A","Wood Pencils 24-pack","N/A",$1.00,$3.97,"N/A",each,"N/A",2026-08-06T00:00:00-04:00,2026-08-12T23:59:59-04:00,"N/A",B3K0H6
8071953,"Walmart","N/A","Stamp 'N Stick DIY kit or Math Roller Addition or Symbols Addition stamps","N/A",$12.97,N/A,"N/A",each,"N/A",2026-08-06T00:00:00-04:00,2026-08-12T23:59:59-04:00,"N/A",B3K0H6
8071953,"Walmart","N/A","Logitech USB computer headset","N/A",$19.98,$29.98,"N/A",each,"N/A",2026-08-06T00:00:00-04:00,2026-08-12T23:59:59-04:00,"N/A",B3K0H6
8071953,"Walmart","N/A","21.5"" FHD monitor","N/A",$89.98,$109.98,"N/A",each,"N/A",2026-08-06T00:00:00-04:00,2026-08-12T23:59:59-04:00,"N/A",B3K0H6
8071953,"Walmart","N/A","Nutella biscuits","N/A",$6.67,$7.47,"N/A",each,"N/A",2026-08-06T00:00:00-04:00,2026-08-12T23:59:59-04:00,"N/A",B3K0H6
8071953,"Walmart","N/A","Natrel lactose free ice cream","N/A",$5.48,$7.67,"N/A",each,"N/A",2026-08-06T00:00:00-04:00,2026-08-12T23:59:59-04:00,"N/A",B3K0H6
8071953,"Walmart","N/A","Fuze mango & pineapple iced tea","N/A",$7.47,$8.47,"N/A",each,"N/A",2026-08-06T00:00:00-04:00,2026-08-12T23:59:59-04:00,"N/A",B3K0H6
8071953,"Walmart","N/A","Kinder Chocolate 6-pack or Kinder Surprises 3-pack","N/A",$5.48,N/A,"N/A",each,"N/A",2026-08-06T00:00:00-04:00,2026-08-12T23:59:59-04:00,"N/A",B3K0H6
8071953,"Walmart","N/A","24"" Rock Creek mountain bike","N/A",$148.00,N/A,"N/A",each,"N/A",2026-08-06T00:00:00-04:00,2026-08-12T23:59:59-04:00,"N/A",B3K0H6
8071953,"Walmart","N/A","Pen+Gear laminator","N/A",$24.97,N/A,"N/A",each,"N/A",2026-08-06T00:00:00-04:00,2026-08-12T23:59:59-04:00,"N/A",B3K0H6
8071953,"Walmart","N/A","Cadbury Caramilk Minis","N/A",$5.98,N/A,"N/A",each,"N/A",2026-08-06T00:00:00-04:00,2026-08-12T23:59:59-04:00,"N/A",B3K0H6
8071953,"Walmart","N/A","Scosche magnetic wireless phone charger","N/A",$34.98,$39.98,"N/A",each,"N/A",2026-08-06T00:00:00-04:00,2026-08-12T23:59:59-04:00,"N/A",B3K0H6
8071953,"Walmart","N/A","Dome lunchbag","N/A",$15.97,N/A,"N/A",each,"N/A",2026-08-06T00:00:00-04:00,2026-08-12T23:59:59-04:00,"N/A",B3K0H6
8071953,"Walmart","N/A","Reese's Pieces candy","N/A",$4.48,$5.98,"N/A",each,"N/A",2026-08-06T00:00:00-04:00,2026-08-12T23:59:59-04:00,"N/A",B3K0H6
8071953,"Walmart","N/A","JLab JBuddies Studio 2 wired headphones","N/A",$14.98,$24.98,"N/A",each,"N/A",2026-08-06T00:00:00-04:00,2026-08-12T23:59:59-04:00,"N/A",B3K0H6
8071953,"Walmart","N/A","Royal & Langnickel Essentials paint set","N/A",$7.97,N/A,"N/A",each,"N/A",2026-08-06T00:00:00-04:00,2026-08-12T23:59:59-04:00,"N/A",B3K0H6
8071953,"Walmart","N/A","Swanson lasagna or sweet & sour chicken frozen entrees","N/A",$4.97,N/A,"N/A",each,"N/A",2026-08-06T00:00:00-04:00,2026-08-12T23:59:59-04:00,"N/A",B3K0H6
8071953,"Walmart","N/A","onn. 24"" Full HD monitor","N/A",$109.98,$149.98,"N/A",each,"N/A",2026-08-06T00:00:00-04:00,2026-08-12T23:59:59-04:00,"N/A",B3K0H6
8071953,"Walmart","N/A","Pen+Gear pencil cases","N/A",$7.00,N/A,"N/A",each,"N/A",2026-08-06T00:00:00-04:00,2026-08-12T23:59:59-04:00,"N/A",B3K0H6
8071953,"Walmart","N/A","4-Piece backpack set","N/A",$16.97,N/A,"N/A",each,"N/A",2026-08-06T00:00:00-04:00,2026-08-12T23:59:59-04:00,"N/A",B3K0H6
8071953,"Walmart","N/A","Pen+Gear scientific calculator","N/A",$14.98,N/A,"N/A",each,"N/A",2026-08-06T00:00:00-04:00,2026-08-12T23:59:59-04:00,"N/A",B3K0H6
8071953,"Walmart","N/A","Dome lunchbag","N/A",$15.97,N/A,"N/A",each,"N/A",2026-08-06T00:00:00-04:00,2026-08-12T23:59:59-04:00,"N/A",B3K0H6
8071953,"Walmart","N/A","Dual-compartment lunch bag","N/A",$16.97,N/A,"N/A",each,"N/A",2026-08-06T00:00:00-04:00,2026-08-12T23:59:59-04:00,"N/A",B3K0H6
8071953,"Walmart","N/A","Natrel raspberry ice cream mochi 6-pack or lactose free ice cream","N/A",$5.48,$7.67,"N/A",each,"N/A",2026-08-06T00:00:00-04:00,2026-08-12T23:59:59-04:00,"N/A",B3K0H6
8071953,"Walmart","N/A","Pen+Gear binders","N/A",$4.97,$5.47,"N/A",each,"N/A",2026-08-06T00:00:00-04:00,2026-08-12T23:59:59-04:00,"N/A",B3K0H6
8071953,"Walmart","N/A","27"" FHD IPS monitor","N/A",$129.98,$179.98,"N/A",each,"N/A",2026-08-06T00:00:00-04:00,2026-08-12T23:59:59-04:00,"N/A",B3K0H6
8071953,"Walmart","N/A","HP DeskJet 2942 all-in-one printer","N/A",$49.98,$69.98,"N/A",each,"N/A",2026-08-06T00:00:00-04:00,2026-08-12T23:59:59-04:00,"N/A",B3K0H6
8071953,"Walmart","N/A","RITZ family size crackers","N/A",$4.48,N/A,"N/A",each,"N/A",2026-08-06T00:00:00-04:00,2026-08-12T23:59:59-04:00,"N/A",B3K0H6
8071953,"Walmart","N/A","Arctic Zone Uptown tote lunch bag","N/A",$14.97,N/A,"N/A",each,"N/A",2026-08-06T00:00:00-04:00,2026-08-12T23:59:59-04:00,"N/A",B3K0H6
8071953,"Walmart","N/A","Huffy Capitol cruiser bike","N/A",$198.00,N/A,"N/A",each,"N/A",2026-08-06T00:00:00-04:00,2026-08-12T23:59:59-04:00,"N/A",B3K0H6
8071953,"Walmart","N/A","Coca-Cola Pop","N/A",$8.28,N/A,"N/A",each,"N/A",2026-08-06T00:00:00-04:00,2026-08-12T23:59:59-04:00,"N/A",B3K0H6
8071953,"Walmart","N/A","ACT II microwave gourmet popcorn","N/A",$2.47,$3.68,"N/A",each,"N/A",2026-08-06T00:00:00-04:00,2026-08-12T23:59:59-04:00,"N/A",B3K0H6
8071953,"Walmart","N/A","Hellmann's mayonnaise type dressing 325 mL - 340 mL","N/A",$3.77,$5.47,"N/A",each,"N/A",2026-08-06T00:00:00-04:00,2026-08-12T23:59:59-04:00,"N/A",B3K0H6
8071953,"Walmart","N/A","Selected padlocks","N/A",$9.97,N/A,"N/A",each,"N/A",2026-08-06T00:00:00-04:00,2026-08-12T23:59:59-04:00,"N/A",B3K0H6
8071953,"Walmart","N/A","Sistema food storage containers","N/A",$9.97,$10.72,"N/A",each,"N/A",2026-08-06T00:00:00-04:00,2026-08-12T23:59:59-04:00,"N/A",B3K0H6
8071953,"Walmart","N/A","Natrel lactose free butter","N/A",$6.57,N/A,"N/A",each,"N/A",2026-08-06T00:00:00-04:00,2026-08-12T23:59:59-04:00,"N/A",B3K0H6
8071953,"Walmart","N/A","Fuze iced tea","N/A",$7.47,$8.47,"N/A",each,"N/A",2026-08-06T00:00:00-04:00,2026-08-12T23:59:59-04:00,"N/A",B3K0H6
8071953,"Walmart","N/A","Nature's Path Love Crunch organic protein chocolate and almond butter or strawberry cheesecake granola","N/A",$5.98,$7.97,"N/A",each,"N/A",2026-08-06T00:00:00-04:00,2026-08-12T23:59:59-04:00,"N/A",B3K0H6
8071953,"Walmart","N/A","Healthy Choice Simply Steamers frozen entrees","N/A",$4.97,N/A,"N/A",each,"N/A",2026-08-06T00:00:00-04:00,2026-08-12T23:59:59-04:00,"N/A",B3K0H6
8071953,"Walmart","N/A","Steve Madden backpack","N/A",$34.97,N/A,"N/A",each,"N/A",2026-08-06T00:00:00-04:00,2026-08-12T23:59:59-04:00,"N/A",B3K0H6
8071953,"Walmart","N/A","5th Wheel WLB17 adults' 26"" electric bike","N/A",$519.99,$999.99,"N/A",each,"N/A",2026-08-06T00:00:00-04:00,2026-08-12T23:59:59-04:00,"N/A",B3K0H6
8071953,"Walmart","N/A","Yop strawberry banana","N/A",$5.76,N/A,"N/A",each,"N/A",2026-08-06T00:00:00-04:00,2026-08-12T23:59:59-04:00,"N/A",B3K0H6
8071953,"Walmart","N/A","Cool Gear","N/A",$6.98,N/A,"N/A",each,"N/A",2026-08-06T00:00:00-04:00,2026-08-12T23:59:59-04:00,"N/A",B3K0H6
8071953,"Walmart","N/A","Huffy Capitol cruiser bike","N/A",$198.00,N/A,"N/A",each,"N/A",2026-08-06T00:00:00-04:00,2026-08-12T23:59:59-04:00,"N/A",B3K0H6
8071953,"Walmart","N/A","Canon PIXMA TR7122 wireless printer","N/A",$99.98,$199.98,"N/A",each,"N/A",2026-08-06T00:00:00-04:00,2026-08-12T23:59:59-04:00,"N/A",B3K0H6
8071953,"Walmart","N/A","Vega Protein & Supergreens plant-based powder","N/A",$21.97,$25.97,"N/A",each,"N/A",2026-08-06T00:00:00-04:00,2026-08-12T23:59:59-04:00,"N/A",B3K0H6
8071953,"Walmart","N/A","Swanson fettuccini Alfredo or cheesy rice with broccoli & chicken frozen entrees","N/A",$4.97,N/A,"N/A",each,"N/A",2026-08-06T00:00:00-04:00,2026-08-12T23:59:59-04:00,"N/A",B3K0H6
8071953,"Walmart","N/A","Natrel lactose free milk","N/A",$7.08,N/A,"N/A",each,"N/A",2026-08-06T00:00:00-04:00,2026-08-12T23:59:59-04:00,"N/A",B3K0H6
8071953,"Walmart","N/A","Oasis beverages or juice boxes","N/A",$3.47,$4.48,"N/A",each,"N/A",2026-08-06T00:00:00-04:00,2026-08-12T23:59:59-04:00,"N/A",B3K0H6
8071953,"Walmart","N/A","Swanson lasagna or sweet & sour chicken frozen entrees","N/A",$4.97,N/A,"N/A",each,"N/A",2026-08-06T00:00:00-04:00,2026-08-12T23:59:59-04:00,"N/A",B3K0H6
8071953,"Walmart","N/A","Snack Pack puddings","N/A",$1.98,N/A,"N/A",each,"N/A",2026-08-06T00:00:00-04:00,2026-08-12T23:59:59-04:00,"N/A",B3K0H6
8071953,"Walmart","N/A","Nature's Path Organic Heritage flakes eco pack cereal","N/A",$9.42,$10.98,"N/A",each,"N/A",2026-08-06T00:00:00-04:00,2026-08-12T23:59:59-04:00,"N/A",B3K0H6
8071953,"Walmart","N/A","Yoplait Tubes yogurt","N/A",$2.47,$2.97,"N/A",each,"N/A",2026-08-06T00:00:00-04:00,2026-08-12T23:59:59-04:00,"N/A",B3K0H6
8071953,"Walmart","N/A","Gyrocopters PixAl Electric foldable dual rider cargo bike","N/A",$399.96,$899.99,"N/A",each,"N/A",2026-08-06T00:00:00-04:00,2026-08-12T23:59:59-04:00,"N/A",B3K0H6
8071953,"Walmart","N/A","Gyrocopters J30 electric scooter","N/A",$239.96,$599.99,"N/A",each,"N/A",2026-08-06T00:00:00-04:00,2026-08-12T23:59:59-04:00,"N/A",B3K0H6
8071953,"Walmart","N/A","Swanson fettuccini Alfredo or cheesy rice with broccoli & chicken frozen entrees","N/A",$4.97,N/A,"N/A",each,"N/A",2026-08-06T00:00:00-04:00,2026-08-12T23:59:59-04:00,"N/A",B3K0H6
8071953,"Walmart","N/A","EcoTank ET-2803 wireless printer","N/A",$199.98,$329.98,"N/A",each,"N/A",2026-08-06T00:00:00-04:00,2026-08-12T23:59:59-04:00,"N/A",B3K0H6
8071953,"Walmart","N/A","Diet Coca-Cola Pop","N/A",$8.28,N/A,"N/A",each,"N/A",2026-08-06T00:00:00-04:00,2026-08-12T23:59:59-04:00,"N/A",B3K0H6
8071953,"Walmart","N/A","Skross backpack","N/A",$34.97,N/A,"N/A",each,"N/A",2026-08-06T00:00:00-04:00,2026-08-12T23:59:59-04:00,"N/A",B3K0H6
8071953,"Walmart","N/A","Nature's Path EnviroKidz Organic Koala Crisp or Honey'D corn flakes","N/A",$9.42,$10.47,"N/A",each,"N/A",2026-08-06T00:00:00-04:00,2026-08-12T23:59:59-04:00,"N/A",B3K0H6
8071953,"Walmart","N/A","Natrel vanilla coffee creamer","N/A",$6.88,N/A,"N/A",each,"N/A",2026-08-06T00:00:00-04:00,2026-08-12T23:59:59-04:00,"N/A",B3K0H6
8071953,"Walmart","N/A","Hot Wheels Barbie Jammer electric scooter","N/A",$148.00,N/A,"N/A",each,"N/A",2026-08-06T00:00:00-04:00,2026-08-12T23:59:59-04:00,"N/A",B3K0H6
8071953,"Walmart","N/A","Licensed lunch bag","N/A",$11.97,N/A,"N/A",each,"N/A",2026-08-06T00:00:00-04:00,2026-08-12T23:59:59-04:00,"N/A",B3K0H6
8071953,"Walmart","N/A","Fanta Orange Pop","N/A",$3.97,N/A,"N/A",each,"N/A",2026-08-06T00:00:00-04:00,2026-08-12T23:59:59-04:00,"N/A",B3K0H6
8071953,"Walmart","N/A","Selected stationery","N/A",$2.00,N/A,"N/A",each,"N/A",2026-08-06T00:00:00-04:00,2026-08-12T23:59:59-04:00,"N/A",B3K0H6
8071953,"Walmart","N/A","vega protein shake 4-pack","N/A",$14.97,N/A,"N/A",each,"N/A",2026-08-06T00:00:00-04:00,2026-08-12T23:59:59-04:00,"N/A",B3K0H6
8071953,"Walmart","N/A","Oasis or juice boxes","N/A",$3.47,$4.48,"N/A",each,"N/A",2026-08-06T00:00:00-04:00,2026-08-12T23:59:59-04:00,"N/A",B3K0H6
8071953,"Walmart","N/A","Healthy Choice Gourmet Steamers frozen entrees","N/A",$4.97,N/A,"N/A",each,"N/A",2026-08-06T00:00:00-04:00,2026-08-12T23:59:59-04:00,"N/A",B3K0H6
8071953,"Walmart","N/A","Coca-Cola Pop","N/A",$2.87,N/A,"N/A",each,"N/A",2026-08-06T00:00:00-04:00,2026-08-12T23:59:59-04:00,"N/A",B3K0H6
8071953,"Walmart","N/A","Coke Zero Pop","N/A",$2.87,N/A,"N/A",each,"N/A",2026-08-06T00:00:00-04:00,2026-08-12T23:59:59-04:00,"N/A",B3K0H6
8071953,"Walmart","N/A","HP 17.3"" Full HD 17-cn3012Ca laptop","N/A",$699.98,$799.98,"N/A",each,"N/A",2026-08-06T00:00:00-04:00,2026-08-12T23:59:59-04:00,"N/A",B3K0H6
8071953,"Walmart","N/A","Hyper 37 V folding electric scooter","N/A",$298.00,N/A,"N/A",each,"N/A",2026-08-06T00:00:00-04:00,2026-08-12T23:59:59-04:00,"N/A",B3K0H6
8071953,"Walmart","N/A","Nature's Path Love Crunch organic protein chocolate and almond butter or strawberry cheesecake granola","N/A",$5.98,$7.97,"N/A",each,"N/A",2026-08-06T00:00:00-04:00,2026-08-12T23:59:59-04:00,"N/A",B3K0H6
8071953,"Walmart","N/A","Hellmann's real mayonnaise 710-890 mL","N/A",$6.47,N/A,"N/A",each,"N/A",2026-08-06T00:00:00-04:00,2026-08-12T23:59:59-04:00,"N/A",B3K0H6
8071953,"Walmart","N/A","onn. wireless mouse and keyboard combo","N/A",$19.98,N/A,"N/A",each,"N/A",2026-08-06T00:00:00-04:00,2026-08-12T23:59:59-04:00,"N/A",B3K0H6
8071953,"Walmart","N/A","Pen+Gear pencil cases","N/A",$7.00,N/A,"N/A",each,"N/A",2026-08-06T00:00:00-04:00,2026-08-12T23:59:59-04:00,"N/A",B3K0H6
8071953,"Walmart","N/A","Oasis ready-to-drink smoothies","N/A",$6.98,N/A,"N/A",each,"N/A",2026-08-06T00:00:00-04:00,2026-08-12T23:59:59-04:00,"N/A",B3K0H6
8071953,"Walmart","N/A","Nature's Path EnviroKidz Organic Koala Crisp or Honey'D corn flakes","N/A",$9.42,$10.47,"N/A",each,"N/A",2026-08-06T00:00:00-04:00,2026-08-12T23:59:59-04:00,"N/A",B3K0H6
8071953,"Walmart","N/A","Great Value zipper seal freezer bags","N/A",$4.94,N/A,"N/A",each,"N/A",2026-08-06T00:00:00-04:00,2026-08-12T23:59:59-04:00,"N/A",B3K0H6
8071953,"Walmart","N/A","TAL 24-oz. stainless steel 2-in-1 straw and chug water bottle","N/A",$18.98,N/A,"N/A",each,"N/A",2026-08-06T00:00:00-04:00,2026-08-12T23:59:59-04:00,"N/A",B3K0H6
8071953,"Walmart","N/A","Premier Protein cafe latte shakes","N/A",$33.97,N/A,"N/A",each,"N/A",2026-08-06T00:00:00-04:00,2026-08-12T23:59:59-04:00,"N/A",B3K0H6
8071953,"Walmart","N/A","Phoenix adults' 27.5"" electric bike","N/A",$698.00,N/A,"N/A",each,"N/A",2026-08-06T00:00:00-04:00,2026-08-12T23:59:59-04:00,"N/A",B3K0H6
8071953,"Walmart","N/A","Cadbury Caramilk Snack-Size bars","N/A",$3.18,N/A,"N/A",each,"N/A",2026-08-06T00:00:00-04:00,2026-08-12T23:59:59-04:00,"N/A",B3K0H6
8071953,"Walmart","N/A","Hellmann's mayonnaise type dressing 325 mL - 340 mL","N/A",$3.77,$5.47,"N/A",each,"N/A",2026-08-06T00:00:00-04:00,2026-08-12T23:59:59-04:00,"N/A",B3K0H6
8071953,"Walmart","N/A","Snack Pack puddings","N/A",$1.98,N/A,"N/A",each,"N/A",2026-08-06T00:00:00-04:00,2026-08-12T23:59:59-04:00,"N/A",B3K0H6
8071953,"Walmart","N/A","Math Roller Symbols Addition stamps","N/A",$12.97,N/A,"N/A",each,"N/A",2026-08-06T00:00:00-04:00,2026-08-12T23:59:59-04:00,"N/A",B3K0H6
8071953,"Walmart","N/A","Vega protein Made Simple protein powder","N/A",$19.97,N/A,"N/A",each,"N/A",2026-08-06T00:00:00-04:00,2026-08-12T23:59:59-04:00,"N/A",B3K0H6
8071953,"Walmart","N/A","Kinder Chocolate","N/A",$1.98,N/A,"N/A",each,"N/A",2026-08-06T00:00:00-04:00,2026-08-12T23:59:59-04:00,"N/A",B3K0H6
8071953,"Walmart","N/A","Jetstream 3-Piece backpack set","N/A",$24.97,N/A,"N/A",each,"N/A",2026-08-06T00:00:00-04:00,2026-08-12T23:59:59-04:00,"N/A",B3K0H6
8071953,"Walmart","N/A","HP DeskJet 2942 all-in-one printer","N/A",$49.98,$69.98,"N/A",each,"N/A",2026-08-06T00:00:00-04:00,2026-08-12T23:59:59-04:00,"N/A",B3K0H6
8071953,"Walmart","N/A","Premier Protein Al'mazing vanilla non-dairy shakes","N/A",$12.97,N/A,"N/A",each,"N/A",2026-08-06T00:00:00-04:00,2026-08-12T23:59:59-04:00,"N/A",B3K0H6
8071953,"Walmart","N/A","iPad A16 Wi-Fi 1286B","N/A",$549.00,N/A,"N/A",each,"N/A",2026-08-06T00:00:00-04:00,2026-08-12T23:59:59-04:00,"N/A",B3K0H6
8071953,"Walmart","N/A","Natrel chocolate milk","N/A",$6.46,N/A,"N/A",each,"N/A",2026-08-06T00:00:00-04:00,2026-08-12T23:59:59-04:00,"N/A",B3K0H6
8071953,"Walmart","N/A","Fanta Orange zero sugar Pop","N/A",$8.28,N/A,"N/A",each,"N/A",2026-08-06T00:00:00-04:00,2026-08-12T23:59:59-04:00,"N/A",B3K0H6
8071953,"Walmart","N/A","Premier Protein Al'mazing vanilla or coffee non-dairy shakes","N/A",$12.97,N/A,"N/A",each,"N/A",2026-08-06T00:00:00-04:00,2026-08-12T23:59:59-04:00,"N/A",B3K0H6
8071953,"Walmart","N/A","JBuds Wireless mouse","N/A",$29.98,$39.98,"N/A",each,"N/A",2026-08-06T00:00:00-04:00,2026-08-12T23:59:59-04:00,"N/A",B3K0H6
8071953,"Walmart","N/A","Canon PIXMA TR4725 inkjet printer","N/A",$59.98,$99.98,"N/A",each,"N/A",2026-08-06T00:00:00-04:00,2026-08-12T23:59:59-04:00,"N/A",B3K0H6
8071953,"Walmart","N/A","OREO Bubble Tea cookies","N/A",$2.98,N/A,"N/A",each,"N/A",2026-08-06T00:00:00-04:00,2026-08-12T23:59:59-04:00,"N/A",B3K0H6
8071953,"Walmart","N/A","Sistema food storage containers","N/A",$9.97,$10.72,"N/A",each,"N/A",2026-08-06T00:00:00-04:00,2026-08-12T23:59:59-04:00,"N/A",B3K0H6
8071953,"Walmart","N/A","Phoenix adults' 27.5"" electric bike","N/A",$698.00,N/A,"N/A",each,"N/A",2026-08-06T00:00:00-04:00,2026-08-12T23:59:59-04:00,"N/A",B3K0H6
8071953,"Walmart","N/A","Scosche 20W USB-C wall charger","N/A",$24.98,N/A,"N/A",each,"N/A",2026-08-06T00:00:00-04:00,2026-08-12T23:59:59-04:00,"N/A",B3K0H6
8071953,"Walmart","N/A","Healthy Choice Simply Steamers frozen entrees","N/A",$4.97,N/A,"N/A",each,"N/A",2026-08-06T00:00:00-04:00,2026-08-12T23:59:59-04:00,"N/A",B3K0H6
8070070,"Walmart","N/A","Pure Balance dry dog food","N/A",$32.98,N/A,"N/A",each,"N/A",2026-08-06T00:00:00-04:00,2026-08-12T23:59:59-04:00,"N/A",B3K0H6
8070070,"Walmart","N/A","Huggies Pull-Ups superpack training pants","N/A",$28.78,$32.98,"N/A",each,"N/A",2026-08-06T00:00:00-04:00,2026-08-12T23:59:59-04:00,"N/A",B3K0H6
8070070,"Walmart","N/A","Drive-Through Car Wash or Candy & Cupcake Ferris Wheel","N/A",$84.86,N/A,"N/A",each,"N/A",2026-08-06T00:00:00-04:00,2026-08-12T23:59:59-04:00,"N/A",B3K0H6
8070070,"Walmart","N/A","Janes Ultimates Bites","N/A",$11.47,N/A,"N/A",each,"N/A",2026-08-06T00:00:00-04:00,2026-08-12T23:59:59-04:00,"N/A",B3K0H6
8070070,"Walmart","N/A","Selected stationery","N/A",$2.00,N/A,"N/A",each,"N/A",2026-08-06T00:00:00-04:00,2026-08-12T23:59:59-04:00,"N/A",B3K0H6
8070070,"Walmart","N/A","Enfamil A+ NeuroPro or NeuroPro Gentlease ready-to-feed formula","N/A",$87.97,N/A,"N/A",each,"N/A",2026-08-06T00:00:00-04:00,2026-08-12T23:59:59-04:00,"N/A",B3K0H6
8070070,"Walmart","N/A","Friskies Li'l Soups cat treats variety pack","N/A",$20.97,N/A,"N/A",each,"N/A",2026-08-06T00:00:00-04:00,2026-08-12T23:59:59-04:00,"N/A",B3K0H6
8070070,"Walmart","N/A","Thai Chef instant noodles 5-pack","N/A",$2.97,N/A,"N/A",each,"N/A",2026-08-06T00:00:00-04:00,2026-08-12T23:59:59-04:00,"N/A",B3K0H6
8070070,"Walmart","N/A","Ferrari 488","N/A",$89.86,N/A,"N/A",each,"N/A",2026-08-06T00:00:00-04:00,2026-08-12T23:59:59-04:00,"N/A",B3K0H6
8070070,"Walmart","N/A","Great Value tuna bowls","N/A",$3.97,N/A,"N/A",each,"N/A",2026-08-06T00:00:00-04:00,2026-08-12T23:59:59-04:00,"N/A",B3K0H6
8070070,"Walmart","N/A","Nivea body wash 500 mL","N/A",$3.28,$4.48,"N/A",each,"N/A",2026-08-06T00:00:00-04:00,2026-08-12T23:59:59-04:00,"N/A",B3K0H6
8070070,"Walmart","N/A","Listerine Clinical Solutions mouthwash","N/A",$10.97,N/A,"N/A",each,"N/A",2026-08-06T00:00:00-04:00,2026-08-12T23:59:59-04:00,"N/A",B3K0H6
8070070,"Walmart","N/A","Wood Pellet Smoker & Grill","N/A",$339.99,$689.98,"N/A",each,"N/A",2026-08-06T00:00:00-04:00,2026-08-12T23:59:59-04:00,"N/A",B3K0H6
8070070,"Walmart","N/A","Caledon Farms dog treats","N/A",$7.98,$9.98,"N/A",each,"N/A",2026-08-06T00:00:00-04:00,2026-08-12T23:59:59-04:00,"N/A",B3K0H6
8070070,"Walmart","N/A","Chewmasters Dog Treats Duck Jerky or Chicken Strips","N/A",$21.97,$24.97,"N/A",each,"N/A",2026-08-06T00:00:00-04:00,2026-08-12T23:59:59-04:00,"N/A",B3K0H6
8070070,"Walmart","N/A","Kellogg's Rice Krispies squares","N/A",$7.94,$9.97,"N/A",each,"N/A",2026-08-06T00:00:00-04:00,2026-08-12T23:59:59-04:00,"N/A",B3K0H6
8070070,"Walmart","N/A","Febreze Air air freshener 2-pack","N/A",$6.97,$7.97,"N/A",each,"N/A",2026-08-06T00:00:00-04:00,2026-08-12T23:59:59-04:00,"N/A",B3K0H6
8070070,"Walmart","N/A","Economy Cat Dry Cat Food","N/A",$17.44,$19.98,"N/A",each,"N/A",2026-08-06T00:00:00-04:00,2026-08-12T23:59:59-04:00,"N/A",B3K0H6
8070070,"Walmart","N/A","ChocXO keto chocolate","N/A",$4.48,$7.48,"N/A",each,"N/A",2026-08-06T00:00:00-04:00,2026-08-12T23:59:59-04:00,"N/A",B3K0H6
8070070,"Walmart","N/A","Ben's Original Bistro Express rice","N/A",$2.48,$2.97,"N/A",each,"N/A",2026-08-06T00:00:00-04:00,2026-08-12T23:59:59-04:00,"N/A",B3K0H6
8070070,"Walmart","N/A","BaiXiang instant noodles","N/A",$4.98,N/A,"N/A",each,"N/A",2026-08-06T00:00:00-04:00,2026-08-12T23:59:59-04:00,"N/A",B3K0H6
8070070,"Walmart","N/A","Dove Men+Care Ted Lasso deodorant 107 g","N/A",$8.96,N/A,"N/A",each,"N/A",2026-08-06T00:00:00-04:00,2026-08-12T23:59:59-04:00,"N/A",B3K0H6
8070070,"Walmart","N/A","Samyang Buldak ramen noodles","N/A",$2.98,$3.47,"N/A",each,"N/A",2026-08-06T00:00:00-04:00,2026-08-12T23:59:59-04:00,"N/A",B3K0H6
8070070,"Walmart","N/A","Lysol all-purpose cleaning pours","N/A",$3.97,$4.77,"N/A",each,"N/A",2026-08-06T00:00:00-04:00,2026-08-12T23:59:59-04:00,"N/A",B3K0H6
8070070,"Walmart","N/A","Champion backpacks","N/A",$34.97,N/A,"N/A",each,"N/A",2026-08-06T00:00:00-04:00,2026-08-12T23:59:59-04:00,"N/A",B3K0H6
8070070,"Walmart","N/A","Minecraft Chicken Jockey","N/A",$42.86,N/A,"N/A",each,"N/A",2026-08-06T00:00:00-04:00,2026-08-12T23:59:59-04:00,"N/A",B3K0H6
8070070,"Walmart","N/A","Mesh chair with headrest","N/A",$89.97,$99.97,"N/A",each,"N/A",2026-08-06T00:00:00-04:00,2026-08-12T23:59:59-04:00,"N/A",B3K0H6
8070070,"Walmart","N/A","Your Fresh Market™ sliced loaf cakes","N/A",$5.16,N/A,"N/A",each,"N/A",2026-08-06T00:00:00-04:00,2026-08-12T23:59:59-04:00,"N/A",B3K0H6
8070070,"Walmart","N/A","Listerine PocketMist Cool Mint oral Care Mist","N/A",$5.77,N/A,"N/A",each,"N/A",2026-08-06T00:00:00-04:00,2026-08-12T23:59:59-04:00,"N/A",B3K0H6
8070070,"Walmart","N/A","Glad Black outdoor garbage bags","N/A",$21.48,$24.97,"N/A",each,"N/A",2026-08-06T00:00:00-04:00,2026-08-12T23:59:59-04:00,"N/A",B3K0H6
8070070,"Walmart","N/A","Pillsbury Toaster Strudel","N/A",$2.97,$4.48,"N/A",each,"N/A",2026-08-06T00:00:00-04:00,2026-08-12T23:59:59-04:00,"N/A",B3K0H6
8070070,"Walmart","N/A","Aveeno Baby cream","N/A",$12.47,$14.44,"N/A",each,"N/A",2026-08-06T00:00:00-04:00,2026-08-12T23:59:59-04:00,"N/A",B3K0H6
8070070,"Walmart","N/A","L'Oréal Paris Féria hair colour","N/A",$14.78,$16.48,"N/A",each,"N/A",2026-08-06T00:00:00-04:00,2026-08-12T23:59:59-04:00,"N/A",B3K0H6
8070070,"Walmart","N/A","Spidey Amazing Friends Cozee Buddy flip-out chair by Delta Children","N/A",$49.97,$64.94,"N/A",each,"N/A",2026-08-06T00:00:00-04:00,2026-08-12T23:59:59-04:00,"N/A",B3K0H6
8070070,"Walmart","N/A","Special Kitty wet cat food","N/A",$0.80,$0.90,"N/A",each,"N/A",2026-08-06T00:00:00-04:00,2026-08-12T23:59:59-04:00,"N/A",B3K0H6
8070070,"Walmart","N/A","Special Kitty Dry Cat Food","N/A",$18.97,N/A,"N/A",each,"N/A",2026-08-06T00:00:00-04:00,2026-08-12T23:59:59-04:00,"N/A",B3K0H6
8070070,"Walmart","N/A","Special Kitty health monitoring cat litter","N/A",$16.97,$21.97,"N/A",each,"N/A",2026-08-06T00:00:00-04:00,2026-08-12T23:59:59-04:00,"N/A",B3K0H6
8070070,"Walmart","N/A","Healthy Choice Simply Steamers frozen dinners","N/A",$4.97,N/A,"N/A",each,"N/A",2026-08-06T00:00:00-04:00,2026-08-12T23:59:59-04:00,"N/A",B3K0H6
8070070,"Walmart","N/A","Ol' Roy dry dog food","N/A",$27.98,N/A,"N/A",each,"N/A",2026-08-06T00:00:00-04:00,2026-08-12T23:59:59-04:00,"N/A",B3K0H6
8070070,"Walmart","N/A","Pure Balance dog treats","N/A",$19.97,N/A,"N/A",each,"N/A",2026-08-06T00:00:00-04:00,2026-08-12T23:59:59-04:00,"N/A",B3K0H6
8070070,"Walmart","N/A","Colgate 360'Advanced toothbrushes","N/A",$7.97,$9.97,"N/A",each,"N/A",2026-08-06T00:00:00-04:00,2026-08-12T23:59:59-04:00,"N/A",B3K0H6
8070070,"Walmart","N/A","Huggies Pull-Ups superpack training pants","N/A",$28.78,$32.98,"N/A",each,"N/A",2026-08-06T00:00:00-04:00,2026-08-12T23:59:59-04:00,"N/A",B3K0H6
8070070,"Walmart","N/A","Thai Chef instant noodles 5-pack","N/A",$2.97,N/A,"N/A",each,"N/A",2026-08-06T00:00:00-04:00,2026-08-12T23:59:59-04:00,"N/A",B3K0H6
8070070,"Walmart","N/A","Botanicals Cosmos Flowers or Pizza Truck","N/A",$19.86,N/A,"N/A",each,"N/A",2026-08-06T00:00:00-04:00,2026-08-12T23:59:59-04:00,"N/A",B3K0H6
8070070,"Walmart","N/A","Great Value juice","N/A",$2.96,N/A,"N/A",each,"N/A",2026-08-06T00:00:00-04:00,2026-08-12T23:59:59-04:00,"N/A",B3K0H6
8070070,"Walmart","N/A","Dome Lunchbags","N/A",$15.97,N/A,"N/A",each,"N/A",2026-08-06T00:00:00-04:00,2026-08-12T23:59:59-04:00,"N/A",B3K0H6
8070070,"Walmart","N/A","Pedialyte electrolyte oral rehydration solution","N/A",$8.97,N/A,"N/A",each,"N/A",2026-08-06T00:00:00-04:00,2026-08-12T23:59:59-04:00,"N/A",B3K0H6
8070070,"Walmart","N/A","Christie mini Snak Paks cookies","N/A",$2.48,$2.98,"N/A",each,"N/A",2026-08-06T00:00:00-04:00,2026-08-12T23:59:59-04:00,"N/A",B3K0H6
8070070,"Walmart","N/A","PureBalance Dry Dog Food","N/A",$49.97,N/A,"N/A",each,"N/A",2026-08-06T00:00:00-04:00,2026-08-12T23:59:59-04:00,"N/A",B3K0H6
8070070,"Walmart","N/A","ChocXO keto chocolate","N/A",$4.48,$7.48,"N/A",each,"N/A",2026-08-06T00:00:00-04:00,2026-08-12T23:59:59-04:00,"N/A",B3K0H6
8070070,"Walmart","N/A","Heinz pasta","N/A",$1.27,$1.97,"N/A",each,"N/A",2026-08-06T00:00:00-04:00,2026-08-12T23:59:59-04:00,"N/A",B3K0H6
8070070,"Walmart","N/A","Gaming desk","N/A",$139.97,$169.97,"N/A",each,"N/A",2026-08-06T00:00:00-04:00,2026-08-12T23:59:59-04:00,"N/A",B3K0H6
8070070,"Walmart","N/A","Friskies Lil' Soups cat treats variety pack","N/A",$20.97,N/A,"N/A",each,"N/A",2026-08-06T00:00:00-04:00,2026-08-12T23:59:59-04:00,"N/A",B3K0H6
8070070,"Walmart","N/A","Hamburger Helper","N/A",$1.94,$2.27,"N/A",each,"N/A",2026-08-06T00:00:00-04:00,2026-08-12T23:59:59-04:00,"N/A",B3K0H6
8070070,"Walmart","N/A","IPL Hair Removal Device","N/A",$285.00,$359.99,"N/A",each,"N/A",2026-08-06T00:00:00-04:00,2026-08-12T23:59:59-04:00,"N/A",B3K0H6
8070070,"Walmart","N/A","Coffee mate liquid coffee enhancer 828 mL - 946 mL","N/A",$4.97,N/A,"N/A",each,"N/A",2026-08-06T00:00:00-04:00,2026-08-12T23:59:59-04:00,"N/A",B3K0H6
8070070,"Walmart","N/A","Special Kitty dry cat food","N/A",$18.97,N/A,"N/A",each,"N/A",2026-08-06T00:00:00-04:00,2026-08-12T23:59:59-04:00,"N/A",B3K0H6
8070070,"Walmart","N/A","JETSTREAM School backpacks","N/A",$24.97,N/A,"N/A",each,"N/A",2026-08-06T00:00:00-04:00,2026-08-12T23:59:59-04:00,"N/A",B3K0H6
8070070,"Walmart","N/A","Maxwell House pods 30s","N/A",$15.97,$18.97,"N/A",each,"N/A",2026-08-06T00:00:00-04:00,2026-08-12T23:59:59-04:00,"N/A",B3K0H6
8070070,"Walmart","N/A","Baby Trend nursery den playard with rocking snooze pod and flip-over changer","N/A",$139.00,$184.00,"N/A",each,"N/A",2026-08-06T00:00:00-04:00,2026-08-12T23:59:59-04:00,"N/A",B3K0H6
8070070,"Walmart","N/A","Jamieson magnesium bisglycinate 130s","N/A",$17.97,N/A,"N/A",each,"N/A",2026-08-06T00:00:00-04:00,2026-08-12T23:59:59-04:00,"N/A",B3K0H6
8070070,"Walmart","N/A","Fruitopia drinks","N/A",$2.24,$3.48,"N/A",each,"N/A",2026-08-06T00:00:00-04:00,2026-08-12T23:59:59-04:00,"N/A",B3K0H6
8070070,"Walmart","N/A","Catit lickable cat treats","N/A",$17.98,$27.98,"N/A",each,"N/A",2026-08-06T00:00:00-04:00,2026-08-12T23:59:59-04:00,"N/A",B3K0H6
8070070,"Walmart","N/A","Ingenuity Sun Valley compact folding high chair","N/A",$79.00,$98.96,"N/A",each,"N/A",2026-08-06T00:00:00-04:00,2026-08-12T23:59:59-04:00,"N/A",B3K0H6
8070070,"Walmart","N/A","Temptations cat treats 180 g or lickable singles 40 g or 48 g","N/A",$2.58,$2.88,"N/A",each,"N/A",2026-08-06T00:00:00-04:00,2026-08-12T23:59:59-04:00,"N/A",B3K0H6
8070070,"Walmart","N/A","Listerine mouthwash","N/A",$4.98,$7.78,"N/A",each,"N/A",2026-08-06T00:00:00-04:00,2026-08-12T23:59:59-04:00,"N/A",B3K0H6
8070070,"Walmart","N/A","Tropicana Pure Premium orange juice 1.36 L","N/A",$4.97,N/A,"N/A",each,"N/A",2026-08-06T00:00:00-04:00,2026-08-12T23:59:59-04:00,"N/A",B3K0H6
8070070,"Walmart","N/A","Mr. Noodles instant noodles","N/A",$0.38,$0.48,"N/A",each,"N/A",2026-08-06T00:00:00-04:00,2026-08-12T23:59:59-04:00,"N/A",B3K0H6
8070070,"Walmart","N/A","5-Pack Stackable Storage Bins","N/A",$87.99,$399.99,"N/A",each,"N/A",2026-08-06T00:00:00-04:00,2026-08-12T23:59:59-04:00,"N/A",B3K0H6
8070070,"Walmart","N/A","Always pads","N/A",$13.47,$15.98,"N/A",each,"N/A",2026-08-06T00:00:00-04:00,2026-08-12T23:59:59-04:00,"N/A",B3K0H6
8070070,"Walmart","N/A","Rainbow peppers","N/A",$4.98,N/A,"N/A",each,"N/A",2026-08-06T00:00:00-04:00,2026-08-12T23:59:59-04:00,"N/A",B3K0H6
8070070,"Walmart","N/A","Popsicle novelties","N/A",$3.98,$4.98,"N/A",each,"N/A",2026-08-06T00:00:00-04:00,2026-08-12T23:59:59-04:00,"N/A",B3K0H6
8070070,"Walmart","N/A","Samyang Buldak ramen noodles","N/A",$2.98,$3.47,"N/A",each,"N/A",2026-08-06T00:00:00-04:00,2026-08-12T23:59:59-04:00,"N/A",B3K0H6
8070070,"Walmart","N/A","Dawn EZ-Squeeze dish soap 535 mL - 650 mL","N/A",$3.97,$5.47,"N/A",each,"N/A",2026-08-06T00:00:00-04:00,2026-08-12T23:59:59-04:00,"N/A",B3K0H6
8070070,"Walmart","N/A","Cheez-lt crackers","N/A",$1.97,$3.78,"N/A",each,"N/A",2026-08-06T00:00:00-04:00,2026-08-12T23:59:59-04:00,"N/A",B3K0H6
8070070,"Walmart","N/A","Listerine Total Care mouthwash","N/A",$8.96,N/A,"N/A",each,"N/A",2026-08-06T00:00:00-04:00,2026-08-12T23:59:59-04:00,"N/A",B3K0H6
8070070,"Walmart","N/A","TRESemmé shampoo or conditioner","N/A",$6.97,$7.27,"N/A",each,"N/A",2026-08-06T00:00:00-04:00,2026-08-12T23:59:59-04:00,"N/A",B3K0H6
8070070,"Walmart","N/A","Rascals premium superpack diapers","N/A",$21.88,N/A,"N/A",each,"N/A",2026-08-06T00:00:00-04:00,2026-08-12T23:59:59-04:00,"N/A",B3K0H6
8070070,"Walmart","N/A","Softsoap body wash","N/A",$3.97,$5.48,"N/A",each,"N/A",2026-08-06T00:00:00-04:00,2026-08-12T23:59:59-04:00,"N/A",B3K0H6
8070070,"Walmart","N/A","Tidy Cats LightWeight multi-cat clumping cat litter","N/A",$28.88,N/A,"N/A",each,"N/A",2026-08-06T00:00:00-04:00,2026-08-12T23:59:59-04:00,"N/A",B3K0H6
8070070,"Walmart","N/A","Your Fresh Market™ deli salads","N/A",$3.27,N/A,"N/A",each,"N/A",2026-08-06T00:00:00-04:00,2026-08-12T23:59:59-04:00,"N/A",B3K0H6
8070070,"Walmart","N/A","Cracker Barrel cheese shreds","N/A",$5.97,$6.68,"N/A",each,"N/A",2026-08-06T00:00:00-04:00,2026-08-12T23:59:59-04:00,"N/A",B3K0H6
8070070,"Walmart","N/A","Shanghai bok choy","N/A",$2.28,N/A,"N/A",each,"N/A",2026-08-06T00:00:00-04:00,2026-08-12T23:59:59-04:00,"N/A",B3K0H6
8070070,"Walmart","N/A","Jamieson magnesium ultra strength 150s or magnesium bisglycinate 70s","N/A",$13.47,N/A,"N/A",each,"N/A",2026-08-06T00:00:00-04:00,2026-08-12T23:59:59-04:00,"N/A",B3K0H6
8070070,"Walmart","N/A","Tidy Cats LightWeight Multi-Cat Clumping Cat Litter","N/A",$28.88,N/A,"N/A",each,"N/A",2026-08-06T00:00:00-04:00,2026-08-12T23:59:59-04:00,"N/A",B3K0H6
8070070,"Walmart","N/A","Great Value tuna bowls","N/A",$3.97,N/A,"N/A",each,"N/A",2026-08-06T00:00:00-04:00,2026-08-12T23:59:59-04:00,"N/A",B3K0H6
8070070,"Walmart","N/A","Your Fresh Market™ cremini mushrooms","N/A",$2.44,N/A,"N/A",each,"N/A",2026-08-06T00:00:00-04:00,2026-08-12T23:59:59-04:00,"N/A",B3K0H6
8070070,"Walmart","N/A","Lay's chips","N/A",$2.97,$3.47,"N/A",each,"N/A",2026-08-06T00:00:00-04:00,2026-08-12T23:59:59-04:00,"N/A",B3K0H6
8070070,"Walmart","N/A","Cascade Platinum Dishwasher pods 63/83/110 pods","N/A",$24.97,$29.97,"N/A",each,"N/A",2026-08-06T00:00:00-04:00,2026-08-12T23:59:59-04:00,"N/A",B3K0H6
8070070,"Walmart","N/A","Similac Pro-Advance step 1 ready-to-feed bottles","N/A",$59.98,N/A,"N/A",each,"N/A",2026-08-06T00:00:00-04:00,2026-08-12T23:59:59-04:00,"N/A",B3K0H6
8070070,"Walmart","N/A","Canada Dry ginger ale","N/A",$2.48,N/A,"N/A",each,"N/A",2026-08-06T00:00:00-04:00,2026-08-12T23:59:59-04:00,"N/A",B3K0H6
8070070,"Walmart","N/A","Listerine mouthwash","N/A",$4.98,$7.78,"N/A",each,"N/A",2026-08-06T00:00:00-04:00,2026-08-12T23:59:59-04:00,"N/A",B3K0H6
8070070,"Walmart","N/A","Kendamil ready-to-feed infant formula","N/A",$29.97,N/A,"N/A",each,"N/A",2026-08-06T00:00:00-04:00,2026-08-12T23:59:59-04:00,"N/A",B3K0H6
8070070,"Walmart","N/A","Friskies dry cat food","N/A",$22.97,N/A,"N/A",each,"N/A",2026-08-06T00:00:00-04:00,2026-08-12T23:59:59-04:00,"N/A",B3K0H6
8070070,"Walmart","N/A","Lysol toilet bowl cleaner","N/A",$3.97,$4.77,"N/A",each,"N/A",2026-08-06T00:00:00-04:00,2026-08-12T23:59:59-04:00,"N/A",B3K0H6
8070070,"Walmart","N/A","Oikos yogurt tubs","N/A",$6.46,N/A,"N/A",each,"N/A",2026-08-06T00:00:00-04:00,2026-08-12T23:59:59-04:00,"N/A",B3K0H6
8070070,"Walmart","N/A","40"" Full HD Smart TV","N/A",$258.99,$799.99,"N/A",each,"N/A",2026-08-06T00:00:00-04:00,2026-08-12T23:59:59-04:00,"N/A",B3K0H6
8070070,"Walmart","N/A","Nectarines 2 L","N/A",$6.44,N/A,"N/A",each,"N/A",2026-08-06T00:00:00-04:00,2026-08-12T23:59:59-04:00,"N/A",B3K0H6
8070070,"Walmart","N/A","Equate high protein nutrition shakes","N/A",$13.97,N/A,"N/A",each,"N/A",2026-08-06T00:00:00-04:00,2026-08-12T23:59:59-04:00,"N/A",B3K0H6
8070070,"Walmart","N/A","Lou's Kitchen fully cooked pork back ribs","N/A",$9.97,$11.48,"N/A",each,"N/A",2026-08-06T00:00:00-04:00,2026-08-12T23:59:59-04:00,"N/A",B3K0H6
8070070,"Walmart","N/A","Fleecy fabric softener 2.6L","N/A",$7.97,$9.97,"N/A",each,"N/A",2026-08-06T00:00:00-04:00,2026-08-12T23:59:59-04:00,"N/A",B3K0H6
8070070,"Walmart","N/A","L'Oreal Paris Feria hair colour","N/A",$14.78,$16.48,"N/A",each,"N/A",2026-08-06T00:00:00-04:00,2026-08-12T23:59:59-04:00,"N/A",B3K0H6
8070070,"Walmart","N/A","Pillsbury glass food storage value sets","N/A",$9.58,$11.98,"N/A",each,"N/A",2026-08-06T00:00:00-04:00,2026-08-12T23:59:59-04:00,"N/A",B3K0H6
8070070,"Walmart","N/A","Red seedless grapes","N/A",$4.94,N/A,"N/A",each,"N/A",2026-08-06T00:00:00-04:00,2026-08-12T23:59:59-04:00,"N/A",B3K0H6
8070070,"Walmart","N/A","Dempster's 10"" tortillas","N/A",$4.28,$4.97,"N/A",each,"N/A",2026-08-06T00:00:00-04:00,2026-08-12T23:59:59-04:00,"N/A",B3K0H6
8070070,"Walmart","N/A","Nongshim cup noodle soup","N/A",$1.38,$1.67,"N/A",each,"N/A",2026-08-06T00:00:00-04:00,2026-08-12T23:59:59-04:00,"N/A",B3K0H6
8070070,"Walmart","N/A","Royale 2-ply bathroom tissue 30 = 80 pack","N/A",$19.96,N/A,"N/A",each,"N/A",2026-08-06T00:00:00-04:00,2026-08-12T23:59:59-04:00,"N/A",B3K0H6
8070070,"Walmart","N/A","McCain Superfries","N/A",$2.77,$4.48,"N/A",each,"N/A",2026-08-06T00:00:00-04:00,2026-08-12T23:59:59-04:00,"N/A",B3K0H6
8070070,"Walmart","N/A","School Backpacks","N/A",$29.97,N/A,"N/A",each,"N/A",2026-08-06T00:00:00-04:00,2026-08-12T23:59:59-04:00,"N/A",B3K0H6
8070070,"Walmart","N/A","Tylenol EZ tabs or Liquid Gels","N/A",$16.34,$18.17,"N/A",each,"N/A",2026-08-06T00:00:00-04:00,2026-08-12T23:59:59-04:00,"N/A",B3K0H6
8070070,"Walmart","N/A","Lou's Kitchen fully cooked pork back ribs","N/A",$9.97,$11.48,"N/A",each,"N/A",2026-08-06T00:00:00-04:00,2026-08-12T23:59:59-04:00,"N/A",B3K0H6
8070070,"Walmart","N/A","Arm & Hammer Clump & Seal 12.7 kg or 17.2 kg","N/A",$24.67,$27.46,"N/A",each,"N/A",2026-08-06T00:00:00-04:00,2026-08-12T23:59:59-04:00,"N/A",B3K0H6
8070070,"Walmart","N/A","Fleecy fabric softener","N/A",$7.97,$9.97,"N/A",each,"N/A",2026-08-06T00:00:00-04:00,2026-08-12T23:59:59-04:00,"N/A",B3K0H6
8070070,"Walmart","N/A","Equate toothbrushes 8-pack","N/A",$5.97,N/A,"N/A",each,"N/A",2026-08-06T00:00:00-04:00,2026-08-12T23:59:59-04:00,"N/A",B3K0H6
8070070,"Walmart","N/A","Black & White paper towels","N/A",$17.93,N/A,"N/A",each,"N/A",2026-08-06T00:00:00-04:00,2026-08-12T23:59:59-04:00,"N/A",B3K0H6
8070070,"Walmart","N/A","Dawn Powerwash refill 473 mL","N/A",$3.97,$5.47,"N/A",each,"N/A",2026-08-06T00:00:00-04:00,2026-08-12T23:59:59-04:00,"N/A",B3K0H6
8070070,"Walmart","N/A","Sensodyne or Pronamel toothpaste","N/A",$4.94,$5.47,"N/A",each,"N/A",2026-08-06T00:00:00-04:00,2026-08-12T23:59:59-04:00,"N/A",B3K0H6
8070070,"Walmart","N/A","Royale facial tissue","N/A",$19.97,$25.97,"N/A",each,"N/A",2026-08-06T00:00:00-04:00,2026-08-12T23:59:59-04:00,"N/A",B3K0H6
8070070,"Walmart","N/A","Children's Tylenol Easy Dissolve powder","N/A",$9.24,$10.77,"N/A",each,"N/A",2026-08-06T00:00:00-04:00,2026-08-12T23:59:59-04:00,"N/A",B3K0H6
8070070,"Walmart","N/A","Luft-400 Mesh & Faux Leather Office Gaming Chair with Footrest","N/A",$159.97,N/A,"N/A",each,"N/A",2026-08-06T00:00:00-04:00,2026-08-12T23:59:59-04:00,"N/A",B3K0H6
8070070,"Walmart","N/A","Great Value smoked sausages","N/A",$7.97,N/A,"N/A",each,"N/A",2026-08-06T00:00:00-04:00,2026-08-12T23:59:59-04:00,"N/A",B3K0H6
8070070,"Walmart","N/A","Minute Rice","N/A",$2.48,$2.97,"N/A",each,"N/A",2026-08-06T00:00:00-04:00,2026-08-12T23:59:59-04:00,"N/A",B3K0H6
8070070,"Walmart","N/A","3-Drawer dresser MAINSTAYS","N/A",$98.00,N/A,"N/A",each,"N/A",2026-08-06T00:00:00-04:00,2026-08-12T23:59:59-04:00,"N/A",B3K0H6
8070070,"Walmart","N/A","LEGO Editions McLaren Mastercard F1 Team Lando Norris or Team Oscar Piastri helmet","N/A",$119.86,N/A,"N/A",each,"N/A",2026-08-06T00:00:00-04:00,2026-08-12T23:59:59-04:00,"N/A",B3K0H6
8070070,"Walmart","N/A","Gatorade","N/A",$6.27,$6.97,"N/A",each,"N/A",2026-08-06T00:00:00-04:00,2026-08-12T23:59:59-04:00,"N/A",B3K0H6
8070070,"Walmart","N/A","Enfamil A+ NeuroPro Gentlease ready-to-feed formula","N/A",$87.97,N/A,"N/A",each,"N/A",2026-08-06T00:00:00-04:00,2026-08-12T23:59:59-04:00,"N/A",B3K0H6
8070070,"Walmart","N/A","Rascals premium superpack diapers","N/A",$21.88,N/A,"N/A",each,"N/A",2026-08-06T00:00:00-04:00,2026-08-12T23:59:59-04:00,"N/A",B3K0H6
8070070,"Walmart","N/A","Pampers value pack Swaddlers","N/A",$44.94,$54.94,"N/A",each,"N/A",2026-08-06T00:00:00-04:00,2026-08-12T23:59:59-04:00,"N/A",B3K0H6
8070070,"Walmart","N/A","Maxwell House ground coffee","N/A",$15.97,$18.97,"N/A",each,"N/A",2026-08-06T00:00:00-04:00,2026-08-12T23:59:59-04:00,"N/A",B3K0H6
8070070,"Walmart","N/A","Botanicals Cosmos Flowers","N/A",$19.86,N/A,"N/A",each,"N/A",2026-08-06T00:00:00-04:00,2026-08-12T23:59:59-04:00,"N/A",B3K0H6
8070070,"Walmart","N/A","Colgate MaxFresh 3x150 mL or Total 3x120 mL","N/A",$7.97,$9.97,"N/A",each,"N/A",2026-08-06T00:00:00-04:00,2026-08-12T23:59:59-04:00,"N/A",B3K0H6
8070070,"Walmart","N/A","Baby bok choy","N/A",$2.28,N/A,"N/A",each,"N/A",2026-08-06T00:00:00-04:00,2026-08-12T23:59:59-04:00,"N/A",B3K0H6
8070070,"Walmart","N/A","Irish Spring body wash","N/A",$3.97,$5.48,"N/A",each,"N/A",2026-08-06T00:00:00-04:00,2026-08-12T23:59:59-04:00,"N/A",B3K0H6
8070070,"Walmart","N/A","BaiXiang instant noodles","N/A",$4.98,N/A,"N/A",each,"N/A",2026-08-06T00:00:00-04:00,2026-08-12T23:59:59-04:00,"N/A",B3K0H6
8070070,"Walmart","N/A","Parent's Choice wipes","N/A",$19.94,N/A,"N/A",each,"N/A",2026-08-06T00:00:00-04:00,2026-08-12T23:59:59-04:00,"N/A",B3K0H6
8070070,"Walmart","N/A","Parent's Choice training pants","N/A",$24.94,N/A,"N/A",each,"N/A",2026-08-06T00:00:00-04:00,2026-08-12T23:59:59-04:00,"N/A",B3K0H6
8070070,"Walmart","N/A","Brookside chocolate with fruit-flavoured centres","N/A",$4.48,$5.98,"N/A",each,"N/A",2026-08-06T00:00:00-04:00,2026-08-12T23:59:59-04:00,"N/A",B3K0H6
8070070,"Walmart","N/A","Minecraft Warden Battle","N/A",$84.86,N/A,"N/A",each,"N/A",2026-08-06T00:00:00-04:00,2026-08-12T23:59:59-04:00,"N/A",B3K0H6
8070070,"Walmart","N/A","Your Fresh Market™ butter or cheese mini croissants","N/A",$5.14,N/A,"N/A",each,"N/A",2026-08-06T00:00:00-04:00,2026-08-12T23:59:59-04:00,"N/A",B3K0H6
8070070,"Walmart","N/A","16"" 2-in-1 Touchscreen Laptop","N/A",$575.99,$1599.99,"N/A",each,"N/A",2026-08-06T00:00:00-04:00,2026-08-12T23:59:59-04:00,"N/A",B3K0H6
8070070,"Walmart","N/A","Your Fresh Market™ cookies","N/A",$5.46,N/A,"N/A",each,"N/A",2026-08-06T00:00:00-04:00,2026-08-12T23:59:59-04:00,"N/A",B3K0H6
8070070,"Walmart","N/A","Cosco Kids Lift and Stroll Travel System","N/A",$250.00,N/A,"N/A",each,"N/A",2026-08-06T00:00:00-04:00,2026-08-12T23:59:59-04:00,"N/A",B3K0H6
8070070,"Walmart","N/A","Dempster's 10"" tortillas","N/A",$4.28,$4.97,"N/A",each,"N/A",2026-08-06T00:00:00-04:00,2026-08-12T23:59:59-04:00,"N/A",B3K0H6
8070070,"Walmart","N/A","Spring Valley magnesium","N/A",$16.47,N/A,"N/A",each,"N/A",2026-08-06T00:00:00-04:00,2026-08-12T23:59:59-04:00,"N/A",B3K0H6
8070070,"Walmart","N/A","Listerine Clinical Solutions Mouthwash","N/A",$10.97,N/A,"N/A",each,"N/A",2026-08-06T00:00:00-04:00,2026-08-12T23:59:59-04:00,"N/A",B3K0H6
8070070,"Walmart","N/A","Yu choy junior","N/A",$5.91,N/A,"N/A",each,"N/A",2026-08-06T00:00:00-04:00,2026-08-12T23:59:59-04:00,"N/A",B3K0H6
8070070,"Walmart","N/A","Pure Balance Dog Treats","N/A",$19.97,N/A,"N/A",each,"N/A",2026-08-06T00:00:00-04:00,2026-08-12T23:59:59-04:00,"N/A",B3K0H6
8070070,"Walmart","N/A","Brookside chocolate with fruit-flavoured centres","N/A",$4.48,$5.98,"N/A",each,"N/A",2026-08-06T00:00:00-04:00,2026-08-12T23:59:59-04:00,"N/A",B3K0H6
8070070,"Walmart","N/A","Inflatable Water Slide Park","N/A",$339.99,$599.99,"N/A",each,"N/A",2026-08-06T00:00:00-04:00,2026-08-12T23:59:59-04:00,"N/A",B3K0H6
8070070,"Walmart","N/A","Beach Fun with Lilo & Stitch","N/A",$27.86,N/A,"N/A",each,"N/A",2026-08-06T00:00:00-04:00,2026-08-12T23:59:59-04:00,"N/A",B3K0H6
8033575,"Walmart","N/A","Unknown Product","N/A",N/A,N/A,"N/A",each,"N/A",2026-07-30T00:00:00-04:00,2026-09-16T23:59:59-04:00,"N/A",B3K0H6
8033575,"Walmart","N/A","No Boundaries women's flats","N/A",$29.00,N/A,"N/A",each,"N/A",2026-07-30T00:00:00-04:00,2026-09-16T23:59:59-04:00,"N/A",B3K0H6
8033575,"Walmart","N/A","No Boundaries Flare Pants","N/A",$12.00,N/A,"N/A",each,"N/A",2026-07-30T00:00:00-04:00,2026-09-16T23:59:59-04:00,"N/A",B3K0H6
8033575,"Walmart","N/A","Sally Hansen Insta—Dri Color Shift nail colour","N/A",$8.47,N/A,"N/A",each,"N/A",2026-07-30T00:00:00-04:00,2026-09-16T23:59:59-04:00,"N/A",B3K0H6
8033575,"Walmart","N/A","Suave antiperspirant","N/A",$3.97,N/A,"N/A",each,"N/A",2026-07-30T00:00:00-04:00,2026-09-16T23:59:59-04:00,"N/A",B3K0H6
8033575,"Walmart","N/A","Irish Spring original bar soap","N/A",$6.47,N/A,"N/A",each,"N/A",2026-07-30T00:00:00-04:00,2026-09-16T23:59:59-04:00,"N/A",B3K0H6
8033575,"Walmart","N/A","Mickey Mouse and Friends bomber jacket","N/A",$27.99,N/A,"N/A",each,"N/A",2026-07-30T00:00:00-04:00,2026-09-16T23:59:59-04:00,"N/A",B3K0H6
8033575,"Walmart","N/A","No Boundaries women's sneakers","N/A",$29.00,N/A,"N/A",each,"N/A",2026-07-30T00:00:00-04:00,2026-09-16T23:59:59-04:00,"N/A",B3K0H6
8033575,"Walmart","N/A","Athletic Works kids sneakers","N/A",$19.00,N/A,"N/A",each,"N/A",2026-07-30T00:00:00-04:00,2026-09-16T23:59:59-04:00,"N/A",B3K0H6
8033575,"Walmart","N/A","Rimmel Wonder Bond mascara","N/A",$7.97,$8.98,"N/A",each,"N/A",2026-07-30T00:00:00-04:00,2026-09-16T23:59:59-04:00,"N/A",B3K0H6
8033575,"Walmart","N/A","Nutrius hand sanitizer spray","N/A",$5.27,N/A,"N/A",each,"N/A",2026-07-30T00:00:00-04:00,2026-09-16T23:59:59-04:00,"N/A",B3K0H6
8033575,"Walmart","N/A","Thermos licensed 16-oz. bottle or 10-oz. food jar. Heys licensed lunch bags","N/A",$17.97,$19.97,"N/A",each,"N/A",2026-07-30T00:00:00-04:00,2026-09-16T23:59:59-04:00,"N/A",B3K0H6
8033575,"Walmart","N/A","Thermos licensed 16-oz. bottle or 10-oz. food jar. Heys licensed lunch bags","N/A",$15.97,N/A,"N/A",each,"N/A",2026-07-30T00:00:00-04:00,2026-09-16T23:59:59-04:00,"N/A",B3K0H6
8033575,"Walmart","N/A","TheraBreath Healthy Gums oral rinse","N/A",$14.98,N/A,"N/A",each,"N/A",2026-07-30T00:00:00-04:00,2026-09-16T23:59:59-04:00,"N/A",B3K0H6
8033575,"Walmart","N/A","George fleece jogger","N/A",$10.00,N/A,"N/A",each,"N/A",2026-07-30T00:00:00-04:00,2026-09-16T23:59:59-04:00,"N/A",B3K0H6
8033575,"Walmart","N/A","onn. 55"" 4K UHD HDR TV","N/A",$388.00,N/A,"N/A",each,"N/A",2026-07-30T00:00:00-04:00,2026-09-16T23:59:59-04:00,"N/A",B3K0H6
8033575,"Walmart","N/A","Toastmaster toaster or sandwich maker","N/A",$14.88,$19.98,"N/A",each,"N/A",2026-07-30T00:00:00-04:00,2026-09-16T23:59:59-04:00,"N/A",B3K0H6
8033575,"Walmart","N/A","Rimmel Multi Tasker Concealer","N/A",$9.97,$13.77,"N/A",each,"N/A",2026-07-30T00:00:00-04:00,2026-09-16T23:59:59-04:00,"N/A",B3K0H6
8033575,"Walmart","N/A","Kids Ddrops® probiotic drops","N/A",$13.47,$16.97,"N/A",each,"N/A",2026-07-30T00:00:00-04:00,2026-09-16T23:59:59-04:00,"N/A",B3K0H6
8033575,"Walmart","N/A","George kids' indoor/outdoor slippers","N/A",$18.00,N/A,"N/A",each,"N/A",2026-07-30T00:00:00-04:00,2026-09-16T23:59:59-04:00,"N/A",B3K0H6
8033575,"Walmart","N/A","Batiste dry shampoo","N/A",$10.48,$11.98,"N/A",each,"N/A",2026-07-30T00:00:00-04:00,2026-09-16T23:59:59-04:00,"N/A",B3K0H6
8033575,"Walmart","N/A","Garnier Fructis Grow Strong Thickening shampoo or conditioner","N/A",$3.98,N/A,"N/A",each,"N/A",2026-07-30T00:00:00-04:00,2026-09-16T23:59:59-04:00,"N/A",B3K0H6
8033575,"Walmart","N/A","Batiste dry shampoo","N/A",$10.48,$11.98,"N/A",each,"N/A",2026-07-30T00:00:00-04:00,2026-09-16T23:59:59-04:00,"N/A",B3K0H6
8033575,"Walmart","N/A","Garnier Fructis Grow Strong Thickening shampoo or conditioner","N/A",$3.98,N/A,"N/A",each,"N/A",2026-07-30T00:00:00-04:00,2026-09-16T23:59:59-04:00,"N/A",B3K0H6
8033575,"Walmart","N/A","Batiste dry shampoo","N/A",$10.48,$11.98,"N/A",each,"N/A",2026-07-30T00:00:00-04:00,2026-09-16T23:59:59-04:00,"N/A",B3K0H6
8033575,"Walmart","N/A","Dove Men+Care Fresh & Clean, Thick & Strong or Dryness & Itch Relief shampoo and conditioner","N/A",$8.47,N/A,"N/A",each,"N/A",2026-07-30T00:00:00-04:00,2026-09-16T23:59:59-04:00,"N/A",B3K0H6
8033575,"Walmart","N/A","Dove Men+Care Dryness & Itch Relief shampoo and conditioner","N/A",$8.47,N/A,"N/A",each,"N/A",2026-07-30T00:00:00-04:00,2026-09-16T23:59:59-04:00,"N/A",B3K0H6
8033575,"Walmart","N/A","Dove Men+Care Fresh & Clean, Th•ck & Strong or Dryness & Itch Relief shampoo an conditioner","N/A",$8.47,N/A,"N/A",each,"N/A",2026-07-30T00:00:00-04:00,2026-09-16T23:59:59-04:00,"N/A",B3K0H6
8033575,"Walmart","N/A","TRESemmé shampoo, conditioner or styling products","N/A",$6.97,$7.27,"N/A",each,"N/A",2026-07-30T00:00:00-04:00,2026-09-16T23:59:59-04:00,"N/A",B3K0H6
8033575,"Walmart","N/A","TRESemmé shampoo","N/A",$6.97,$7.27,"N/A",each,"N/A",2026-07-30T00:00:00-04:00,2026-09-16T23:59:59-04:00,"N/A",B3K0H6
8033575,"Walmart","N/A","Thermos licensed 16-oz. bottle or 10-oz food jar.","N/A",$17.97,$19.97,"N/A",each,"N/A",2026-07-30T00:00:00-04:00,2026-09-16T23:59:59-04:00,"N/A",B3K0H6
8033575,"Walmart","N/A","George toddlers' long-sleeved tee or legging","N/A",$4.00,N/A,"N/A",each,"N/A",2026-07-30T00:00:00-04:00,2026-09-16T23:59:59-04:00,"N/A",B3K0H6
8033575,"Walmart","N/A","Athletic Works kids' or toddlers' athletic shoes","N/A",$15.00,N/A,"N/A",each,"N/A",2026-07-30T00:00:00-04:00,2026-09-16T23:59:59-04:00,"N/A",B3K0H6
8033575,"Walmart","N/A","No Boundaries Knit Skort","N/A",$15.00,N/A,"N/A",each,"N/A",2026-07-30T00:00:00-04:00,2026-09-16T23:59:59-04:00,"N/A",B3K0H6
8033575,"Walmart","N/A","George graphic tee","N/A",$5.00,N/A,"N/A",each,"N/A",2026-07-30T00:00:00-04:00,2026-09-16T23:59:59-04:00,"N/A",B3K0H6
8033575,"Walmart","N/A","No Boundaries men's casual shoes","N/A",$29.00,N/A,"N/A",each,"N/A",2026-07-30T00:00:00-04:00,2026-09-16T23:59:59-04:00,"N/A",B3K0H6
8033575,"Walmart","N/A","Reebok lunch bags","N/A",$16.97,N/A,"N/A",each,"N/A",2026-07-30T00:00:00-04:00,2026-09-16T23:59:59-04:00,"N/A",B3K0H6
8033575,"Walmart","N/A","George boys canvas jacket","N/A",$35.00,N/A,"N/A",each,"N/A",2026-07-30T00:00:00-04:00,2026-09-16T23:59:59-04:00,"N/A",B3K0H6
8033575,"Walmart","N/A","George fleece sweatpants","N/A",$18.00,N/A,"N/A",each,"N/A",2026-07-30T00:00:00-04:00,2026-09-16T23:59:59-04:00,"N/A",B3K0H6
8033575,"Walmart","N/A","Mainstays kitchen gadgets","N/A",$2.97,N/A,"N/A",each,"N/A",2026-07-30T00:00:00-04:00,2026-09-16T23:59:59-04:00,"N/A",B3K0H6
8033575,"Walmart","N/A","Waffle henley top","N/A",$16.00,N/A,"N/A",each,"N/A",2026-07-30T00:00:00-04:00,2026-09-16T23:59:59-04:00,"N/A",B3K0H6
8033575,"Walmart","N/A","George cargo jogger","N/A",$14.00,N/A,"N/A",each,"N/A",2026-07-30T00:00:00-04:00,2026-09-16T23:59:59-04:00,"N/A",B3K0H6
8033575,"Walmart","N/A","No Boundaries oversized hoodie.","N/A",$24.00,N/A,"N/A",each,"N/A",2026-07-30T00:00:00-04:00,2026-09-16T23:59:59-04:00,"N/A",B3K0H6
8033575,"Walmart","N/A","CeraVe Retinol serum","N/A",$25.98,N/A,"N/A",each,"N/A",2026-07-30T00:00:00-04:00,2026-09-16T23:59:59-04:00,"N/A",B3K0H6
8033575,"Walmart","N/A","Reebok backpack","N/A",$34.97,N/A,"N/A",each,"N/A",2026-07-30T00:00:00-04:00,2026-09-16T23:59:59-04:00,"N/A",B3K0H6
8033575,"Walmart","N/A","Mickey Mouse and Friends bomber jacket","N/A",$27.99,N/A,"N/A",each,"N/A",2026-07-30T00:00:00-04:00,2026-09-16T23:59:59-04:00,"N/A",B3K0H6
8033575,"Walmart","N/A","Hero Mighty Patch Body 4-pack","N/A",$19.47,$22.97,"N/A",each,"N/A",2026-07-30T00:00:00-04:00,2026-09-16T23:59:59-04:00,"N/A",B3K0H6
8033575,"Walmart","N/A","Reebok backpack","N/A",$34.97,N/A,"N/A",each,"N/A",2026-07-30T00:00:00-04:00,2026-09-16T23:59:59-04:00,"N/A",B3K0H6
8033575,"Walmart","N/A","7-piece lunch bag set","N/A",$19.97,N/A,"N/A",each,"N/A",2026-07-30T00:00:00-04:00,2026-09-16T23:59:59-04:00,"N/A",B3K0H6
8033575,"Walmart","N/A","George flannel shirt","N/A",$18.00,N/A,"N/A",each,"N/A",2026-07-30T00:00:00-04:00,2026-09-16T23:59:59-04:00,"N/A",B3K0H6
8033575,"Walmart","N/A","George fleece hoodie","N/A",$14.00,N/A,"N/A",each,"N/A",2026-07-30T00:00:00-04:00,2026-09-16T23:59:59-04:00,"N/A",B3K0H6
8033575,"Walmart","N/A","George oversized tee","N/A",$7.00,N/A,"N/A",each,"N/A",2026-07-30T00:00:00-04:00,2026-09-16T23:59:59-04:00,"N/A",B3K0H6
8033575,"Walmart","N/A","George leggings","N/A",$5.00,N/A,"N/A",each,"N/A",2026-07-30T00:00:00-04:00,2026-09-16T23:59:59-04:00,"N/A",B3K0H6
8033575,"Walmart","N/A","Avia adults' performance sneakers","N/A",$34.97,N/A,"N/A",each,"N/A",2026-07-30T00:00:00-04:00,2026-09-16T23:59:59-04:00,"N/A",B3K0H6
8033575,"Walmart","N/A","Mainstays 4' x 6' area rug","N/A",$69.87,N/A,"N/A",each,"N/A",2026-07-30T00:00:00-04:00,2026-09-16T23:59:59-04:00,"N/A",B3K0H6
8033575,"Walmart","N/A","T-fal Essential 2-piece fry pan set","N/A",$16.97,$26.97,"N/A",each,"N/A",2026-07-30T00:00:00-04:00,2026-09-16T23:59:59-04:00,"N/A",B3K0H6
8033575,"Walmart","N/A","Athletic Works kids' or toddlers' athletic shoes","N/A",$15.00,N/A,"N/A",each,"N/A",2026-07-30T00:00:00-04:00,2026-09-16T23:59:59-04:00,"N/A",B3K0H6
8033575,"Walmart","N/A","No Boundaries women's empire top","N/A",$17.00,N/A,"N/A",each,"N/A",2026-07-30T00:00:00-04:00,2026-09-16T23:59:59-04:00,"N/A",B3K0H6
8033575,"Walmart","N/A","George Women's Blazer","N/A",$39.00,N/A,"N/A",each,"N/A",2026-07-30T00:00:00-04:00,2026-09-16T23:59:59-04:00,"N/A",B3K0H6
8033575,"Walmart","N/A","Kids' or toddlers' licensed athletic shoes","N/A",$29.97,N/A,"N/A",each,"N/A",2026-07-30T00:00:00-04:00,2026-09-16T23:59:59-04:00,"N/A",B3K0H6
8033575,"Walmart","N/A","No Boundaries women's sneakers","N/A",$29.00,N/A,"N/A",each,"N/A",2026-07-30T00:00:00-04:00,2026-09-16T23:59:59-04:00,"N/A",B3K0H6
8033575,"Walmart","N/A","Athletic Works active leggings","N/A",$12.00,N/A,"N/A",each,"N/A",2026-07-30T00:00:00-04:00,2026-09-16T23:59:59-04:00,"N/A",B3K0H6
8033575,"Walmart","N/A","No Boundaries cropped cami","N/A",$5.00,N/A,"N/A",each,"N/A",2026-07-30T00:00:00-04:00,2026-09-16T23:59:59-04:00,"N/A",B3K0H6
8033575,"Walmart","N/A","Eos Body Lotion","N/A",$16.88,$19.96,"N/A",each,"N/A",2026-07-30T00:00:00-04:00,2026-09-16T23:59:59-04:00,"N/A",B3K0H6
8033575,"Walmart","N/A","No Boundaries women's denim SKORT","N/A",$25.00,N/A,"N/A",each,"N/A",2026-07-30T00:00:00-04:00,2026-09-16T23:59:59-04:00,"N/A",B3K0H6
8033575,"Walmart","N/A","Mainstays black or gold aluminum curved mirror","N/A",$79.97,N/A,"N/A",each,"N/A",2026-07-30T00:00:00-04:00,2026-09-16T23:59:59-04:00,"N/A",B3K0H6
8033575,"Walmart","N/A","Spider-Man short-sleeved tee","N/A",$10.00,N/A,"N/A",each,"N/A",2026-07-30T00:00:00-04:00,2026-09-16T23:59:59-04:00,"N/A",B3K0H6
8033575,"Walmart","N/A","Sally Hansen Insta-Dri Color Shift nail colour","N/A",$8.47,N/A,"N/A",each,"N/A",2026-07-30T00:00:00-04:00,2026-09-16T23:59:59-04:00,"N/A",B3K0H6
8033575,"Walmart","N/A","Thermos licensed 16-oz bottle","N/A",$15.97,N/A,"N/A",each,"N/A",2026-07-30T00:00:00-04:00,2026-09-16T23:59:59-04:00,"N/A",B3K0H6
8033575,"Walmart","N/A","Kids' or toddlers' licensed athletic shoes","N/A",$29.97,N/A,"N/A",each,"N/A",2026-07-30T00:00:00-04:00,2026-09-16T23:59:59-04:00,"N/A",B3K0H6
8033575,"Walmart","N/A","Minecraft short-sleeved tee","N/A",$13.00,N/A,"N/A",each,"N/A",2026-07-30T00:00:00-04:00,2026-09-16T23:59:59-04:00,"N/A",B3K0H6
8033575,"Walmart","N/A","TheraBreath Whitening oral rinse","N/A",$14.98,N/A,"N/A",each,"N/A",2026-07-30T00:00:00-04:00,2026-09-16T23:59:59-04:00,"N/A",B3K0H6
8033575,"Walmart","N/A","George toddlers' fleece set","N/A",$12.00,N/A,"N/A",each,"N/A",2026-07-30T00:00:00-04:00,2026-09-16T23:59:59-04:00,"N/A",B3K0H6
8033575,"Walmart","N/A","George kids' or toddlers' casual shoes","N/A",$24.00,N/A,"N/A",each,"N/A",2026-07-30T00:00:00-04:00,2026-09-16T23:59:59-04:00,"N/A",B3K0H6
8033575,"Walmart","N/A","Shark HV340WMC corded stick vacuum","N/A",$249.98,N/A,"N/A",each,"N/A",2026-07-30T00:00:00-04:00,2026-09-16T23:59:59-04:00,"N/A",B3K0H6
8033575,"Walmart","N/A","7-piece bag set","N/A",$19.97,N/A,"N/A",each,"N/A",2026-07-30T00:00:00-04:00,2026-09-16T23:59:59-04:00,"N/A",B3K0H6
8033575,"Walmart","N/A","CeraVe Acne Cleanser","N/A",$23.97,N/A,"N/A",each,"N/A",2026-07-30T00:00:00-04:00,2026-09-16T23:59:59-04:00,"N/A",B3K0H6
8033575,"Walmart","N/A","No Boundaries oversized hoodie","N/A",$24.00,N/A,"N/A",each,"N/A",2026-07-30T00:00:00-04:00,2026-09-16T23:59:59-04:00,"N/A",B3K0H6
8033575,"Walmart","N/A","Colgate Optic White Renewal toothpaste","N/A",$7.98,N/A,"N/A",each,"N/A",2026-07-30T00:00:00-04:00,2026-09-16T23:59:59-04:00,"N/A",B3K0H6
8033575,"Walmart","N/A","George toddlers' flannel shirt and pants set","N/A",$16.00,N/A,"N/A",each,"N/A",2026-07-30T00:00:00-04:00,2026-09-16T23:59:59-04:00,"N/A",B3K0H6
8033575,"Walmart","N/A","Hard Candy Blush On Lock duo","N/A",$12.98,N/A,"N/A",each,"N/A",2026-07-30T00:00:00-04:00,2026-09-16T23:59:59-04:00,"N/A",B3K0H6
8033575,"Walmart","N/A","George Fleece Crew or Woven Pant","N/A",$12.00,N/A,"N/A",each,"N/A",2026-07-30T00:00:00-04:00,2026-09-16T23:59:59-04:00,"N/A",B3K0H6
8033575,"Walmart","N/A","George short- sleeved graphic tee","N/A",$5.00,N/A,"N/A",each,"N/A",2026-07-30T00:00:00-04:00,2026-09-16T23:59:59-04:00,"N/A",B3K0H6
8033575,"Walmart","N/A","Colgate Max Fresh","N/A",$5.47,N/A,"N/A",each,"N/A",2026-07-30T00:00:00-04:00,2026-09-16T23:59:59-04:00,"N/A",B3K0H6
8033575,"Walmart","N/A","Sensodyne Clinical Repair toothpaste","N/A",$7.97,$9.27,"N/A",each,"N/A",2026-07-30T00:00:00-04:00,2026-09-16T23:59:59-04:00,"N/A",B3K0H6
8033575,"Walmart","N/A","George girls' hooded quilted jacket","N/A",$35.00,N/A,"N/A",each,"N/A",2026-07-30T00:00:00-04:00,2026-09-16T23:59:59-04:00,"N/A",B3K0H6
8033575,"Walmart","N/A","Sally Hansen Miracle Gel Super Shiny Shield top coat","N/A",$10.76,$11.96,"N/A",each,"N/A",2026-07-30T00:00:00-04:00,2026-09-16T23:59:59-04:00,"N/A",B3K0H6
8033575,"Walmart","N/A","George long sleeved tee","N/A",$8.00,N/A,"N/A",each,"N/A",2026-07-30T00:00:00-04:00,2026-09-16T23:59:59-04:00,"N/A",B3K0H6
8033575,"Walmart","N/A","Heys 2-piece licensed backpack set","N/A",$19.97,N/A,"N/A",each,"N/A",2026-07-30T00:00:00-04:00,2026-09-16T23:59:59-04:00,"N/A",B3K0H6
8033575,"Walmart","N/A","Mainstays kitchen gadgets","N/A",$2.97,N/A,"N/A",each,"N/A",2026-07-30T00:00:00-04:00,2026-09-16T23:59:59-04:00,"N/A",B3K0H6
8033575,"Walmart","N/A","School Yard Vibes 3-piece backpack set","N/A",$29.97,N/A,"N/A",each,"N/A",2026-07-30T00:00:00-04:00,2026-09-16T23:59:59-04:00,"N/A",B3K0H6
8033575,"Walmart","N/A","Sterilite 2-piece sink set","N/A",$9.97,$14.97,"N/A",each,"N/A",2026-07-30T00:00:00-04:00,2026-09-16T23:59:59-04:00,"N/A",B3K0H6
8033575,"Walmart","N/A","George kids' indoor/outdoor slippers","N/A",$18.00,N/A,"N/A",each,"N/A",2026-07-30T00:00:00-04:00,2026-09-16T23:59:59-04:00,"N/A",B3K0H6
8033575,"Walmart","N/A","Athletic Works kid's sneakers","N/A",$19.00,N/A,"N/A",each,"N/A",2026-07-30T00:00:00-04:00,2026-09-16T23:59:59-04:00,"N/A",B3K0H6
8033575,"Walmart","N/A","Brita Denali water filter pitcher","N/A",$19.97,$24.97,"N/A",each,"N/A",2026-07-30T00:00:00-04:00,2026-09-16T23:59:59-04:00,"N/A",B3K0H6
8033575,"Walmart","N/A","Anko novelty candles","N/A",$19.97,N/A,"N/A",each,"N/A",2026-07-30T00:00:00-04:00,2026-09-16T23:59:59-04:00,"N/A",B3K0H6
8033575,"Walmart","N/A","Anko novelty candles","N/A",$19.97,N/A,"N/A",each,"N/A",2026-07-30T00:00:00-04:00,2026-09-16T23:59:59-04:00,"N/A",B3K0H6
8033575,"Walmart","N/A","Anko novelty candles","N/A",$19.97,N/A,"N/A",each,"N/A",2026-07-30T00:00:00-04:00,2026-09-16T23:59:59-04:00,"N/A",B3K0H6
8033575,"Walmart","N/A","Mainstays twin, double or queen bed in a bag","N/A",$49.98,N/A,"N/A",each,"N/A",2026-07-30T00:00:00-04:00,2026-09-16T23:59:59-04:00,"N/A",B3K0H6
8033575,"Walmart","N/A","Mainstays 16"" x 16 2-pack cushions","N/A",$22.98,N/A,"N/A",each,"N/A",2026-07-30T00:00:00-04:00,2026-09-16T23:59:59-04:00,"N/A",B3K0H6
8033575,"Walmart","N/A","Mainstays 8-pack washcloths","N/A",$9.92,N/A,"N/A",each,"N/A",2026-07-30T00:00:00-04:00,2026-09-16T23:59:59-04:00,"N/A",B3K0H6
8033575,"Walmart","N/A","Mainstays Cozy throws","N/A",$24.98,N/A,"N/A",each,"N/A",2026-07-30T00:00:00-04:00,2026-09-16T23:59:59-04:00,"N/A",B3K0H6
8033575,"Walmart","N/A","Mainstays Novelty Bath Mat","N/A",$9.92,N/A,"N/A",each,"N/A",2026-07-30T00:00:00-04:00,2026-09-16T23:59:59-04:00,"N/A",B3K0H6
8033575,"Walmart","N/A","Mainstays 2-pack bath towels","N/A",$16.92,N/A,"N/A",each,"N/A",2026-07-30T00:00:00-04:00,2026-09-16T23:59:59-04:00,"N/A",B3K0H6
8033575,"Walmart","N/A","Mainstays 16-piece bath set","N/A",$29.74,N/A,"N/A",each,"N/A",2026-07-30T00:00:00-04:00,2026-09-16T23:59:59-04:00,"N/A",B3K0H6
8033575,"Walmart","N/A","Brita filters 3-pack","N/A",$24.97,$27.97,"N/A",each,"N/A",2026-07-30T00:00:00-04:00,2026-09-16T23:59:59-04:00,"N/A",B3K0H6
8033575,"Walmart","N/A","Gourmia GPM1270 all-in-one pizza oven, toaster and air fryer","N/A",$224.00,$320.00,"N/A",each,"N/A",2026-07-30T00:00:00-04:00,2026-09-16T23:59:59-04:00,"N/A",B3K0H6
8033575,"Walmart","N/A","George midi dress","N/A",$22.00,N/A,"N/A",each,"N/A",2026-07-30T00:00:00-04:00,2026-09-16T23:59:59-04:00,"N/A",B3K0H6
8033575,"Walmart","N/A","SodaStream Terra sparkling water maker","N/A",$79.98,N/A,"N/A",each,"N/A",2026-07-30T00:00:00-04:00,2026-09-16T23:59:59-04:00,"N/A",B3K0H6
8033575,"Walmart","N/A","Champion backpack","N/A",$34.97,N/A,"N/A",each,"N/A",2026-07-30T00:00:00-04:00,2026-09-16T23:59:59-04:00,"N/A",B3K0H6
8033575,"Walmart","N/A","George kids' casual shoes","N/A",$24.00,N/A,"N/A",each,"N/A",2026-07-30T00:00:00-04:00,2026-09-16T23:59:59-04:00,"N/A",B3K0H6
8033575,"Walmart","N/A","Starfrit The Rock Terra ceramic 8 non-stick fry pan","N/A",$9.97,$19.97,"N/A",each,"N/A",2026-07-30T00:00:00-04:00,2026-09-16T23:59:59-04:00,"N/A",B3K0H6
8033575,"Walmart","N/A","Avia kids or toddlers' athletic shoes","N/A",$29.97,N/A,"N/A",each,"N/A",2026-07-30T00:00:00-04:00,2026-09-16T23:59:59-04:00,"N/A",B3K0H6
8033575,"Walmart","N/A","Anko mushroom lamp","N/A",$19.97,N/A,"N/A",each,"N/A",2026-07-30T00:00:00-04:00,2026-09-16T23:59:59-04:00,"N/A",B3K0H6
8033575,"Walmart","N/A","Avia adults' performance sneakers","N/A",$34.97,N/A,"N/A",each,"N/A",2026-07-30T00:00:00-04:00,2026-09-16T23:59:59-04:00,"N/A",B3K0H6
8033575,"Walmart","N/A","Mainstays 3-drawer dresser","N/A",$98.00,N/A,"N/A",each,"N/A",2026-07-30T00:00:00-04:00,2026-09-16T23:59:59-04:00,"N/A",B3K0H6
8033575,"Walmart","N/A","No Boundaries zip-up sweater or cropped cami","N/A",$22.00,N/A,"N/A",each,"N/A",2026-07-30T00:00:00-04:00,2026-09-16T23:59:59-04:00,"N/A",B3K0H6
8033575,"Walmart","N/A","Reebok game day fleece hoodie","N/A",$24.97,N/A,"N/A",each,"N/A",2026-07-30T00:00:00-04:00,2026-09-16T23:59:59-04:00,"N/A",B3K0H6
8033575,"Walmart","N/A","Simplehuman plastic step garbage bin","N/A",$70.00,N/A,"N/A",each,"N/A",2026-07-30T00:00:00-04:00,2026-09-16T23:59:59-04:00,"N/A",B3K0H6
8033575,"Walmart","N/A","Mainstays kitchen gadgets","N/A",$2.97,N/A,"N/A",each,"N/A",2026-07-30T00:00:00-04:00,2026-09-16T23:59:59-04:00,"N/A",B3K0H6
8033575,"Walmart","N/A","Avia adults' performance sneakers","N/A",$34.97,N/A,"N/A",each,"N/A",2026-07-30T00:00:00-04:00,2026-09-16T23:59:59-04:00,"N/A",B3K0H6
8033575,"Walmart","N/A","Women's cinched waist jean","N/A",$36.98,N/A,"N/A",each,"N/A",2026-07-30T00:00:00-04:00,2026-09-16T23:59:59-04:00,"N/A",B3K0H6
8033575,"Walmart","N/A","Avia adults performance sneakers","N/A",$34.97,N/A,"N/A",each,"N/A",2026-07-30T00:00:00-04:00,2026-09-16T23:59:59-04:00,"N/A",B3K0H6
8033575,"Walmart","N/A","George zip-up hoodie","N/A",$18.00,N/A,"N/A",each,"N/A",2026-07-30T00:00:00-04:00,2026-09-16T23:59:59-04:00,"N/A",B3K0H6
8033575,"Walmart","N/A","George women's pants","N/A",$25.00,N/A,"N/A",each,"N/A",2026-07-30T00:00:00-04:00,2026-09-16T23:59:59-04:00,"N/A",B3K0H6
8033575,"Walmart","N/A","No Boundaries Women's Tiered Skort","N/A",$17.00,N/A,"N/A",each,"N/A",2026-07-30T00:00:00-04:00,2026-09-16T23:59:59-04:00,"N/A",B3K0H6
8033575,"Walmart","N/A","SodaStream Pepsi drink mixes*","N/A",$5.98,$7.98,"N/A",each,"N/A",2026-07-30T00:00:00-04:00,2026-09-16T23:59:59-04:00,"N/A",B3K0H6
8033575,"Walmart","N/A","No Boundaries picot trimmed tee","N/A",$10.00,N/A,"N/A",each,"N/A",2026-07-30T00:00:00-04:00,2026-09-16T23:59:59-04:00,"N/A",B3K0H6
8033575,"Walmart","N/A","Avia adults performance sneakers","N/A",$34.97,N/A,"N/A",each,"N/A",2026-07-30T00:00:00-04:00,2026-09-16T23:59:59-04:00,"N/A",B3K0H6
8033575,"Walmart","N/A","HOMCOM 1.1-cu. ft. compact mini freezer","N/A",$199.99,$259.99,"N/A",each,"N/A",2026-07-30T00:00:00-04:00,2026-09-16T23:59:59-04:00,"N/A",B3K0H6
8033575,"Walmart","N/A","Mainstays kitchen gadgets","N/A",$2.97,N/A,"N/A",each,"N/A",2026-07-30T00:00:00-04:00,2026-09-16T23:59:59-04:00,"N/A",B3K0H6
8033575,"Walmart","N/A","T-fal Essential 15-piece cookware set","N/A",$69.97,$99.97,"N/A",each,"N/A",2026-07-30T00:00:00-04:00,2026-09-16T23:59:59-04:00,"N/A",B3K0H6
8033575,"Walmart","N/A","Sodastream Pepsi or classic drink mixes","N/A",$5.98,$7.98,"N/A",each,"N/A",2026-07-30T00:00:00-04:00,2026-09-16T23:59:59-04:00,"N/A",B3K0H6
8033575,"Walmart","N/A","George varsity tee","N/A",$8.00,N/A,"N/A",each,"N/A",2026-07-30T00:00:00-04:00,2026-09-16T23:59:59-04:00,"N/A",B3K0H6
8033575,"Walmart","N/A","Men's original denim shirt","N/A",$34.98,N/A,"N/A",each,"N/A",2026-07-30T00:00:00-04:00,2026-09-16T23:59:59-04:00,"N/A",B3K0H6
8033575,"Walmart","N/A","Mario licensed backpack","N/A",$24.97,N/A,"N/A",each,"N/A",2026-07-30T00:00:00-04:00,2026-09-16T23:59:59-04:00,"N/A",B3K0H6
8033575,"Walmart","N/A","George fleece hoodie","N/A",$12.00,N/A,"N/A",each,"N/A",2026-07-30T00:00:00-04:00,2026-09-16T23:59:59-04:00,"N/A",B3K0H6
8033575,"Walmart","N/A","Hard Candy Blush On Lock duo","N/A",$12.98,N/A,"N/A",each,"N/A",2026-07-30T00:00:00-04:00,2026-09-16T23:59:59-04:00,"N/A",B3K0H6
8033575,"Walmart","N/A","Mainstays studio grey futon","N/A",$178.00,$228.97,"N/A",each,"N/A",2026-07-30T00:00:00-04:00,2026-09-16T23:59:59-04:00,"N/A",B3K0H6
8033575,"Walmart","N/A","Minecraft licensed backpack","N/A",$24.97,N/A,"N/A",each,"N/A",2026-07-30T00:00:00-04:00,2026-09-16T23:59:59-04:00,"N/A",B3K0H6
8033575,"Walmart","N/A","Daise body mists","N/A",$6.96,N/A,"N/A",each,"N/A",2026-07-30T00:00:00-04:00,2026-09-16T23:59:59-04:00,"N/A",B3K0H6
8033575,"Walmart","N/A","George kids' or toddlers' casual shoes","N/A",$24.00,N/A,"N/A",each,"N/A",2026-07-30T00:00:00-04:00,2026-09-16T23:59:59-04:00,"N/A",B3K0H6
8033575,"Walmart","N/A","Champion backpack","N/A",$34.97,N/A,"N/A",each,"N/A",2026-07-30T00:00:00-04:00,2026-09-16T23:59:59-04:00,"N/A",B3K0H6
8033575,"Walmart","N/A","Athletic Works kids' sneakers","N/A",$19.00,N/A,"N/A",each,"N/A",2026-07-30T00:00:00-04:00,2026-09-16T23:59:59-04:00,"N/A",B3K0H6
8033575,"Walmart","N/A","Tineco GO HammerHead wet/dry vacuum cleaner","N/A",$179.98,$349.98,"N/A",each,"N/A",2026-07-30T00:00:00-04:00,2026-09-16T23:59:59-04:00,"N/A",B3K0H6
8033575,"Walmart","N/A","School Yard Vibes 3-piece backpack set","N/A",$29.97,N/A,"N/A",each,"N/A",2026-07-30T00:00:00-04:00,2026-09-16T23:59:59-04:00,"N/A",B3K0H6
8033575,"Walmart","N/A","Aveeno moisturizing lotion","N/A",$9.97,$12.97,"N/A",each,"N/A",2026-07-30T00:00:00-04:00,2026-09-16T23:59:59-04:00,"N/A",B3K0H6
8033575,"Walmart","N/A","Irish Spring body wash","N/A",$5.97,N/A,"N/A",each,"N/A",2026-07-30T00:00:00-04:00,2026-09-16T23:59:59-04:00,"N/A",B3K0H6
8033575,"Walmart","N/A","Vaseline lotion","N/A",$9.96,N/A,"N/A",each,"N/A",2026-07-30T00:00:00-04:00,2026-09-16T23:59:59-04:00,"N/A",B3K0H6
8033575,"Walmart","N/A","Colgate Total Active Prevention toothpaste.","N/A",$5.98,N/A,"N/A",each,"N/A",2026-07-30T00:00:00-04:00,2026-09-16T23:59:59-04:00,"N/A",B3K0H6
8065009,"No Frills","N/A","PC® SUPER SOFT BATHROOM TISSUE, 30 = 100 ROLLS","N/A",N/A,N/A,"N/A",each,"N/A",2026-08-06T00:00:00-04:00,2026-08-12T23:59:59-04:00,"N/A",B3K0H6
8065009,"No Frills","N/A","STARBUCKS BY NESPRESSO, 10'S","N/A",N/A,N/A,"N/A",each,"N/A",2026-08-06T00:00:00-04:00,2026-08-12T23:59:59-04:00,"N/A",B3K0H6
8065009,"No Frills","N/A","PC® INSTANT COFFEE, 80-100 g","N/A",N/A,N/A,"N/A",each,"N/A",2026-08-06T00:00:00-04:00,2026-08-12T23:59:59-04:00,"N/A",B3K0H6
8065009,"No Frills","N/A","PERSIL 3.72 L","N/A",N/A,N/A,"N/A",each,"N/A",2026-08-06T00:00:00-04:00,2026-08-12T23:59:59-04:00,"N/A",B3K0H6
8065009,"No Frills","N/A","TWININGS SUPER BLEND TEA, 18'S","N/A",N/A,N/A,"N/A",each,"N/A",2026-08-06T00:00:00-04:00,2026-08-12T23:59:59-04:00,"N/A",B3K0H6
8065009,"No Frills","N/A","NO NAME® CHICKEN WINGS, 908 G","N/A",N/A,N/A,"N/A",each,"N/A",2026-08-06T00:00:00-04:00,2026-08-12T23:59:59-04:00,"N/A",B3K0H6
8065009,"No Frills","N/A","BLACK DIAMOND CHEESTRINGS, 504 g","N/A",N/A,N/A,"N/A",each,"N/A",2026-08-06T00:00:00-04:00,2026-08-12T23:59:59-04:00,"N/A",B3K0H6
8065009,"No Frills","N/A","NESCAFÉ SWEET & CREAMY ICED, 16 X 15 G","N/A",N/A,N/A,"N/A",each,"N/A",2026-08-06T00:00:00-04:00,2026-08-12T23:59:59-04:00,"N/A",B3K0H6
8065009,"No Frills","N/A","FOR EVERY $30* SPENT ON FRUITS AND VEGETABLES","N/A",N/A,N/A,"N/A",each,"N/A",2026-08-06T00:00:00-04:00,2026-08-12T23:59:59-04:00,"N/A",B3K0H6
8065009,"No Frills","N/A","CAVENDISH FARMS FRIES, 400-750 G","N/A",N/A,N/A,"N/A",each,"N/A",2026-08-06T00:00:00-04:00,2026-08-12T23:59:59-04:00,"N/A",B3K0H6
8065009,"No Frills","N/A","PC® SMOKIES, 1 KG","N/A",N/A,N/A,"N/A",each,"N/A",2026-08-06T00:00:00-04:00,2026-08-12T23:59:59-04:00,"N/A",B3K0H6
8065009,"No Frills","N/A","LACTANTIA CREAM CHEESE, 237 G","N/A",N/A,N/A,"N/A",each,"N/A",2026-08-06T00:00:00-04:00,2026-08-12T23:59:59-04:00,"N/A",B3K0H6
8065009,"No Frills","N/A","PC® PASTA SAUCE, 410-650 mL","N/A",N/A,N/A,"N/A",each,"N/A",2026-08-06T00:00:00-04:00,2026-08-12T23:59:59-04:00,"N/A",B3K0H6
8065009,"No Frills","N/A","PC® SPLENDIDO® OLIVE OIL, 1 L","N/A",N/A,N/A,"N/A",each,"N/A",2026-08-06T00:00:00-04:00,2026-08-12T23:59:59-04:00,"N/A",B3K0H6
8065009,"No Frills","N/A","NO NAME® BLEACH, 2.4 L","N/A",N/A,N/A,"N/A",each,"N/A",2026-08-06T00:00:00-04:00,2026-08-12T23:59:59-04:00,"N/A",B3K0H6
8065009,"No Frills","N/A","PC® BURGERS, 568 G-1.36 KG","N/A",N/A,N/A,"N/A",each,"N/A",2026-08-06T00:00:00-04:00,2026-08-12T23:59:59-04:00,"N/A",B3K0H6
8065009,"No Frills","N/A","NESCAFÉ ICED INSTANT COFFEE, 100 G","N/A",N/A,N/A,"N/A",each,"N/A",2026-08-06T00:00:00-04:00,2026-08-12T23:59:59-04:00,"N/A",B3K0H6
8065009,"No Frills","N/A","PC® MAPLE SYRUP, 500 mL","N/A",N/A,N/A,"N/A",each,"N/A",2026-08-06T00:00:00-04:00,2026-08-12T23:59:59-04:00,"N/A",B3K0H6
8065009,"No Frills","N/A","PC® PICKLES, 1 L","N/A",N/A,N/A,"N/A",each,"N/A",2026-08-06T00:00:00-04:00,2026-08-12T23:59:59-04:00,"N/A",B3K0H6
8065009,"No Frills","N/A","NO NAME® CHOCOLATE BAR, 100 G","N/A",N/A,N/A,"N/A",each,"N/A",2026-08-06T00:00:00-04:00,2026-08-12T23:59:59-04:00,"N/A",B3K0H6
8065009,"No Frills","N/A","NO NAME® DINNER ROLLS, 420 G","N/A",N/A,N/A,"N/A",each,"N/A",2026-08-06T00:00:00-04:00,2026-08-12T23:59:59-04:00,"N/A",B3K0H6
8065009,"No Frills","N/A","MILK-BONE SALMON RECIPE DOG TREATS, 252 G","N/A",N/A,N/A,"N/A",each,"N/A",2026-08-06T00:00:00-04:00,2026-08-12T23:59:59-04:00,"N/A",B3K0H6
8065009,"No Frills","N/A","PC® BLACK LABEL ICE CREAM, 500 ML","N/A",N/A,N/A,"N/A",each,"N/A",2026-08-06T00:00:00-04:00,2026-08-12T23:59:59-04:00,"N/A",B3K0H6
8065009,"No Frills","N/A","GREEN ONIONS","N/A",$0.99,N/A,"N/A",each,"N/A",2026-08-06T00:00:00-04:00,2026-08-12T23:59:59-04:00,"N/A",B3K0H6
8065009,"No Frills","N/A","KIRI CREAM CHEESE PRODUCT, 144 g","N/A",$3.00,N/A,"N/A",each,"N/A",2026-08-06T00:00:00-04:00,2026-08-12T23:59:59-04:00,"N/A",B3K0H6
8065009,"No Frills","N/A","KRAFT SALAD DRESSING, 425 ML","N/A",$3.25,N/A,"N/A",each,"N/A",2026-08-06T00:00:00-04:00,2026-08-12T23:59:59-04:00,"N/A",B3K0H6
8065009,"No Frills","N/A","PC® BLUE MENU® BEANS, PEAS or LENTILS, 900 G","N/A",$3.99,N/A,"N/A",each,"N/A",2026-08-06T00:00:00-04:00,2026-08-12T23:59:59-04:00,"N/A",B3K0H6
8065009,"No Frills","N/A","NO NAME® GRANOLA BARS, 120-175 g","N/A",$2.29,N/A,"N/A",each,"N/A",2026-08-06T00:00:00-04:00,2026-08-12T23:59:59-04:00,"N/A",B3K0H6
8065009,"No Frills","N/A","PC® DIPS or HUMMUS, 454 G","N/A",$6.50,N/A,"N/A",each,"N/A",2026-08-06T00:00:00-04:00,2026-08-12T23:59:59-04:00,"N/A",B3K0H6
8065009,"No Frills","N/A","POWERADE SPORTS DRINK, 710 mL, PEACE TEA ICED TEA, 695 mL or SPARKLING ICE SPARKLING WATER, 503 mL","N/A",$1.25,N/A,"N/A",each,"N/A",2026-08-06T00:00:00-04:00,2026-08-12T23:59:59-04:00,"N/A",B3K0H6
8065009,"No Frills","N/A","GUISEPPE THIN CRUST OR RISING CRUST PIZZA, 480-785 g","N/A",$5.50,N/A,"N/A",each,"N/A",2026-08-06T00:00:00-04:00,2026-08-12T23:59:59-04:00,"N/A",B3K0H6
8065009,"No Frills","N/A","LA BAGUETTERIE MICHE BREAD, 600/800 g or SHASHA COOKIES, 300 g","N/A",$5.00,N/A,"N/A",each,"N/A",2026-08-06T00:00:00-04:00,2026-08-12T23:59:59-04:00,"N/A",B3K0H6
8065009,"No Frills","N/A","POISE PADS or DEPENDS UNDERWEAR, 12-66's","N/A",$18.00,N/A,"N/A",each,"N/A",2026-08-06T00:00:00-04:00,2026-08-12T23:59:59-04:00,"N/A",B3K0H6
8065009,"No Frills","N/A","PURINA FANCY FEAST GEMS WET CAT FOOD, 114 G","N/A",$2.00,N/A,"N/A",each,"N/A",2026-08-06T00:00:00-04:00,2026-08-12T23:59:59-04:00,"N/A",B3K0H6
8065009,"No Frills","N/A","MINI BABYBEL CHEESE, 102/120 G","N/A",$4.00,N/A,"N/A",each,"N/A",2026-08-06T00:00:00-04:00,2026-08-12T23:59:59-04:00,"N/A",B3K0H6
8065009,"No Frills","N/A","TWININGS TEA, 50'S","N/A",$8.50,N/A,"N/A",each,"N/A",2026-08-06T00:00:00-04:00,2026-08-12T23:59:59-04:00,"N/A",B3K0H6
8065009,"No Frills","N/A","KELLOGG'S FAMILY SIZE CEREAL, 450-650 G","N/A",$5.50,N/A,"N/A",each,"N/A",2026-08-06T00:00:00-04:00,2026-08-12T23:59:59-04:00,"N/A",B3K0H6
8065009,"No Frills","N/A","DAN-D PAK CASHEWS, 908 g","N/A",$12.88,N/A,"N/A",each,"N/A",2026-08-06T00:00:00-04:00,2026-08-12T23:59:59-04:00,"N/A",B3K0H6
8065009,"No Frills","N/A","FIBRE 1 BARS, 125 G OR NATURE VALLEY GRANOLA BARS, PROTEIN BARS OR BISCUITS, 148-210 G","N/A",$3.29,N/A,"N/A",each,"N/A",2026-08-06T00:00:00-04:00,2026-08-12T23:59:59-04:00,"N/A",B3K0H6
8065009,"No Frills","N/A","KALE","N/A",$1.99,N/A,"N/A",each,"N/A",2026-08-06T00:00:00-04:00,2026-08-12T23:59:59-04:00,"N/A",B3K0H6
8065009,"No Frills","N/A","D'ITALIANO BREAD, 620/675 g or BUNS, 6/8's","N/A",$3.25,N/A,"N/A",each,"N/A",2026-08-06T00:00:00-04:00,2026-08-12T23:59:59-04:00,"N/A",B3K0H6
8065009,"No Frills","N/A","CHRISTIE TRISCUITS, GOOD THINS OR WHEAT THINS CRACKERS, 100 - 200 G","N/A",$1.88,N/A,"N/A",each,"N/A",2026-08-06T00:00:00-04:00,2026-08-12T23:59:59-04:00,"N/A",B3K0H6
8065009,"No Frills","N/A","TEMPTATIONS CAT TREATS 454 G OR WHISKAS DRY CAT FOOD, 1.5/2 G","N/A",$6.00,N/A,"N/A",each,"N/A",2026-08-06T00:00:00-04:00,2026-08-12T23:59:59-04:00,"N/A",B3K0H6
8065009,"No Frills","N/A","THE LAUGHING COW, 133 g or CHEESE DIPPERS, 140 g","N/A",$3.00,N/A,"N/A",each,"N/A",2026-08-06T00:00:00-04:00,2026-08-12T23:59:59-04:00,"N/A",B3K0H6
8065009,"No Frills","N/A","HEALTHY CHOICE VH STEAMERS or SIMPLY DINNER ENTRÉES, 255-306 g","N/A",$4.00,N/A,"N/A",each,"N/A",2026-08-06T00:00:00-04:00,2026-08-12T23:59:59-04:00,"N/A",B3K0H6
8065009,"No Frills","N/A","CLIF ZBAR, 5X36 G OR CLIF ENERGY MINIS, 5X28 G","N/A",$3.50,N/A,"N/A",each,"N/A",2026-08-06T00:00:00-04:00,2026-08-12T23:59:59-04:00,"N/A",B3K0H6
8065009,"No Frills","N/A","BOLTHOUSE FARMS SMOOTHIES OR JUICE, 946 ML","N/A",$3.50,$4.50,"N/A",each,"N/A",2026-08-06T00:00:00-04:00,2026-08-12T23:59:59-04:00,"N/A",B3K0H6
8065009,"No Frills","N/A","CRACKER BARREL CHEESE SPREADS, 200 G","N/A",N/A,N/A,"N/A",each,"N/A",2026-08-06T00:00:00-04:00,2026-08-12T23:59:59-04:00,"N/A",B3K0H6
8065009,"No Frills","N/A","NESCAFÉ ESPRESSO CONCENTRATE, 500 ML","N/A",N/A,N/A,"N/A",each,"N/A",2026-08-06T00:00:00-04:00,2026-08-12T23:59:59-04:00,"N/A",B3K0H6
8065009,"No Frills","N/A","NESTLÉ CHOCOLATE BAG, 76-203 g","N/A",$4.79,N/A,"N/A",each,"N/A",2026-08-06T00:00:00-04:00,2026-08-12T23:59:59-04:00,"N/A",B3K0H6
8065009,"No Frills","N/A","PC® HOT EATS FOOD JAR, 440 mL","N/A",$10.00,N/A,"N/A",each,"N/A",2026-08-06T00:00:00-04:00,2026-08-12T23:59:59-04:00,"N/A",B3K0H6
8065009,"No Frills","N/A","PC® BENTO SNACK BOX","N/A",$7.00,N/A,"N/A",each,"N/A",2026-08-06T00:00:00-04:00,2026-08-12T23:59:59-04:00,"N/A",B3K0H6
8065009,"No Frills","N/A","PC® LITTLE SIP BOTTLES, 550 ML","N/A",$10.00,N/A,"N/A",each,"N/A",2026-08-06T00:00:00-04:00,2026-08-12T23:59:59-04:00,"N/A",B3K0H6
8065009,"No Frills","N/A","PC® PUSH'N SIP BOTTLES, 500 ml","N/A",$10.00,N/A,"N/A",each,"N/A",2026-08-06T00:00:00-04:00,2026-08-12T23:59:59-04:00,"N/A",B3K0H6
8065009,"No Frills","N/A","CANTALOUPE","N/A",$3.99,N/A,"N/A",each,"N/A",2026-08-06T00:00:00-04:00,2026-08-12T23:59:59-04:00,"N/A",B3K0H6
8065009,"No Frills","N/A","SISTEMA BENTO TO GO, 1.25 L - 1.65 L or LUNCH STACK SQUARE TO GO, 1.24 L","N/A",$8.00,N/A,"N/A",each,"N/A",2026-08-06T00:00:00-04:00,2026-08-12T23:59:59-04:00,"N/A",B3K0H6
8065009,"No Frills","N/A","IAMS DRY CAT FOOD, 1.36/1.59 kg","N/A",$14.00,N/A,"N/A",each,"N/A",2026-08-06T00:00:00-04:00,2026-08-12T23:59:59-04:00,"N/A",B3K0H6
8065009,"No Frills","N/A","PC® BENTO LUNCH BOXES","N/A",$10.00,N/A,"N/A",each,"N/A",2026-08-06T00:00:00-04:00,2026-08-12T23:59:59-04:00,"N/A",B3K0H6
8065009,"No Frills","N/A","SEAQUEST® WHOLE TILAPIA, 1.36 KG OR WHOLE POMPANO, 800 G","N/A",$9.00,N/A,"N/A",each,"N/A",2026-08-06T00:00:00-04:00,2026-08-12T23:59:59-04:00,"N/A",B3K0H6
8065009,"No Frills","N/A","PC® 2-PLY DINNER NAPKINS, 180's","N/A",$8.00,N/A,"N/A",each,"N/A",2026-08-06T00:00:00-04:00,2026-08-12T23:59:59-04:00,"N/A",B3K0H6
8065009,"No Frills","N/A","CELSIUS ENERGY DRINKS, 355 ML","N/A",$3.00,N/A,"N/A",each,"N/A",2026-08-06T00:00:00-04:00,2026-08-12T23:59:59-04:00,"N/A",B3K0H6
8065009,"No Frills","N/A","PC® LITTLE SIPPERS, 237 ML","N/A",$6.00,N/A,"N/A",each,"N/A",2026-08-06T00:00:00-04:00,2026-08-12T23:59:59-04:00,"N/A",B3K0H6
8065009,"No Frills","N/A","AIR WICK FRESHMATIC KIT, 180 G","N/A",$12.00,N/A,"N/A",each,"N/A",2026-08-06T00:00:00-04:00,2026-08-12T23:59:59-04:00,"N/A",B3K0H6
8065009,"No Frills","N/A","PURINA ONE WET DOG FOOD, 368 G","N/A",$2.50,N/A,"N/A",each,"N/A",2026-08-06T00:00:00-04:00,2026-08-12T23:59:59-04:00,"N/A",B3K0H6
8065009,"No Frills","N/A","OLD EL PASO DINNER KIT, 250-310 G","N/A",$4.00,N/A,"N/A",each,"N/A",2026-08-06T00:00:00-04:00,2026-08-12T23:59:59-04:00,"N/A",B3K0H6
8065009,"No Frills","N/A","NO NAME® SOUR CREAM, 500 mL","N/A",$2.50,N/A,"N/A",each,"N/A",2026-08-06T00:00:00-04:00,2026-08-12T23:59:59-04:00,"N/A",B3K0H6
8065009,"No Frills","N/A","NATREL or CENTRAL DAIRIES LACTOSE FREE MILK, 2 L","N/A",$6.25,N/A,"N/A",each,"N/A",2026-08-06T00:00:00-04:00,2026-08-12T23:59:59-04:00,"N/A",B3K0H6
8065009,"No Frills","N/A","NO NAME® BEANS, 540 ML","N/A",$1.50,N/A,"N/A",each,"N/A",2026-08-06T00:00:00-04:00,2026-08-12T23:59:59-04:00,"N/A",B3K0H6
8065009,"No Frills","N/A","IRISH SPRING BODY WASH, 591 ML OR BAR SOAP, 6 X 104 G OR SOFTSOAP BODY WASH, 591 ML","N/A",$4.50,N/A,"N/A",each,"N/A",2026-08-06T00:00:00-04:00,2026-08-12T23:59:59-04:00,"N/A",B3K0H6
8065009,"No Frills","N/A","RESER'S SALADS, 1.25 KG","N/A",$7.00,N/A,"N/A",each,"N/A",2026-08-06T00:00:00-04:00,2026-08-12T23:59:59-04:00,"N/A",B3K0H6
8065009,"No Frills","N/A","CREAM, 473 mL-1 L","N/A",$3.50,N/A,"N/A",each,"N/A",2026-08-06T00:00:00-04:00,2026-08-12T23:59:59-04:00,"N/A",B3K0H6
8065009,"No Frills","N/A","SUNRISE SLICED BOLOGNA, 375 G","N/A",$4.00,N/A,"N/A",each,"N/A",2026-08-06T00:00:00-04:00,2026-08-12T23:59:59-04:00,"N/A",B3K0H6
8065009,"No Frills","N/A","RED MANGO","N/A",$1.69,N/A,"N/A",each,"N/A",2026-08-06T00:00:00-04:00,2026-08-12T23:59:59-04:00,"N/A",B3K0H6
8065009,"No Frills","N/A","ZIGGY'S® SLICED MEATS, SAN DANIELE MORTADELLA, 175 G OR MASTRO SLICED MEATS, 125 G","N/A",$3.75,N/A,"N/A",each,"N/A",2026-08-06T00:00:00-04:00,2026-08-12T23:59:59-04:00,"N/A",B3K0H6
8065009,"No Frills","N/A","NO NAME® CREAM CHEESE, 227 / 250 G","N/A",$3.00,N/A,"N/A",each,"N/A",2026-08-06T00:00:00-04:00,2026-08-12T23:59:59-04:00,"N/A",B3K0H6
8065009,"No Frills","N/A","OASIS HEALTH BREAK JUICE or SMOOTHIE, 1.6 L","N/A",$4.29,N/A,"N/A",each,"N/A",2026-08-06T00:00:00-04:00,2026-08-12T23:59:59-04:00,"N/A",B3K0H6
8065009,"No Frills","N/A","SCHNEIDERS JUICY JUMBOS or SMOKED SAUSAGES, 375/450 G","N/A",$5.00,N/A,"N/A",each,"N/A",2026-08-06T00:00:00-04:00,2026-08-12T23:59:59-04:00,"N/A",B3K0H6
8065009,"No Frills","N/A","BETTY CROCKER SUPER MOIST CAKE MIX, 375/404 G, SNACK SIZE MIX, 184-212 G OR FROSTING, 340/450 G","N/A",$1.87,N/A,"N/A",each,"N/A",2026-08-06T00:00:00-04:00,2026-08-12T23:59:59-04:00,"N/A",B3K0H6
8065009,"No Frills","N/A","FARMER'S MARKET™ LEMONS, 2 LB BAG OR ORANGES, 3 LB BAG","N/A",$4.99,N/A,"N/A",each,"N/A",2026-08-06T00:00:00-04:00,2026-08-12T23:59:59-04:00,"N/A",B3K0H6
8065009,"No Frills","N/A","CREST ORAL CARE PRODUCTS","N/A",N/A,N/A,"N/A",each,"N/A",2026-08-06T00:00:00-04:00,2026-08-12T23:59:59-04:00,"N/A",B3K0H6
8065009,"No Frills","N/A","PURINA FRISKIES DRY CAT FOOD, 1.4-1.5 KG","N/A",$6.00,N/A,"N/A",each,"N/A",2026-08-06T00:00:00-04:00,2026-08-12T23:59:59-04:00,"N/A",B3K0H6
8065009,"No Frills","N/A","PC® LITTLE GEMS™ RED, YELLOW OR MIXED MINI POTATOES, 680 G","N/A",$3.99,N/A,"N/A",each,"N/A",2026-08-06T00:00:00-04:00,2026-08-12T23:59:59-04:00,"N/A",B3K0H6
8065009,"No Frills","N/A","CLASSICO SAUCE, 410/600 ML","N/A",$2.97,N/A,"N/A",each,"N/A",2026-08-06T00:00:00-04:00,2026-08-12T23:59:59-04:00,"N/A",B3K0H6
8065009,"No Frills","N/A","PC® BENTO LUNCH BAGS","N/A",$10.00,N/A,"N/A",each,"N/A",2026-08-06T00:00:00-04:00,2026-08-12T23:59:59-04:00,"N/A",B3K0H6
8065009,"No Frills","N/A","NO NAME® CANNED TOMATOES, 796 ML","N/A",N/A,N/A,"N/A",each,"N/A",2026-08-06T00:00:00-04:00,2026-08-12T23:59:59-04:00,"N/A",B3K0H6
8065009,"No Frills","N/A","NO NAME® 1-PLY NAPKINS, 250's","N/A",N/A,N/A,"N/A",each,"N/A",2026-08-06T00:00:00-04:00,2026-08-12T23:59:59-04:00,"N/A",B3K0H6
8065009,"No Frills","N/A","PC® SALAD DRESSING, 475 mL","N/A",N/A,N/A,"N/A",each,"N/A",2026-08-06T00:00:00-04:00,2026-08-12T23:59:59-04:00,"N/A",B3K0H6
8065009,"No Frills","N/A","FARM GIRL HIGH PROTEIN, NO SUGAR CEREAL, 280 G","N/A",$7.00,N/A,"N/A",each,"N/A",2026-08-06T00:00:00-04:00,2026-08-12T23:59:59-04:00,"N/A",B3K0H6
8065009,"No Frills","N/A","PC® NUTRITION FIRST® WET CAT FOOD, 85 g","N/A",$1.19,N/A,"N/A",each,"N/A",2026-08-06T00:00:00-04:00,2026-08-12T23:59:59-04:00,"N/A",B3K0H6
8065009,"No Frills","N/A","BOUNCE FABRIC SOFTENER SHEETS, 40's","N/A",$5.00,N/A,"N/A",each,"N/A",2026-08-06T00:00:00-04:00,2026-08-12T23:59:59-04:00,"N/A",B3K0H6
8065009,"No Frills","N/A","NO NAME® BLEACH, 2.4 L","N/A",$3.50,N/A,"N/A",each,"N/A",2026-08-06T00:00:00-04:00,2026-08-12T23:59:59-04:00,"N/A",B3K0H6
8065009,"No Frills","N/A","PC® SPLENDIDIO EXTRA VIRGIN OLIVE OIL, 1 L","N/A",$14.99,N/A,"N/A",each,"N/A",2026-08-06T00:00:00-04:00,2026-08-12T23:59:59-04:00,"N/A",B3K0H6
8065009,"No Frills","N/A","PURINA ONE DRY DOG FOOD, 1.72/1.81 kg","N/A",$11.50,N/A,"N/A",each,"N/A",2026-08-06T00:00:00-04:00,2026-08-12T23:59:59-04:00,"N/A",B3K0H6
8065009,"No Frills","N/A","HARTZ SQUEEZE UP LICKABLE CAT TREATS, 20x14 g","N/A",$13.00,N/A,"N/A",each,"N/A",2026-08-06T00:00:00-04:00,2026-08-12T23:59:59-04:00,"N/A",B3K0H6
8065009,"No Frills","N/A","POGO ORIGINAL CORN DOGS, 1.5 kg","N/A",$15.00,N/A,"N/A",each,"N/A",2026-08-06T00:00:00-04:00,2026-08-12T23:59:59-04:00,"N/A",B3K0H6
8065009,"No Frills","N/A","BROCCOLI CROWNS","N/A",$2.49,N/A,"N/A",each,"N/A",2026-08-06T00:00:00-04:00,2026-08-12T23:59:59-04:00,"N/A",B3K0H6
8065009,"No Frills","N/A","ROMAINE HEARTS, PKG OF 3","N/A",$4.99,N/A,"N/A",each,"N/A",2026-08-06T00:00:00-04:00,2026-08-12T23:59:59-04:00,"N/A",B3K0H6
8065009,"No Frills","N/A","PC® NUTRITION FIRST® DRY CAT FOOD, 2 KG","N/A",$14.00,N/A,"N/A",each,"N/A",2026-08-06T00:00:00-04:00,2026-08-12T23:59:59-04:00,"N/A",B3K0H6
8065009,"No Frills","N/A","UNICO SOLID LIGHT TUNA, 198 G","N/A",$1.75,N/A,"N/A",each,"N/A",2026-08-06T00:00:00-04:00,2026-08-12T23:59:59-04:00,"N/A",B3K0H6
8065009,"No Frills","N/A","DILL CUCUMBERS, 3 L","N/A",$6.99,N/A,"N/A",each,"N/A",2026-08-06T00:00:00-04:00,2026-08-12T23:59:59-04:00,"N/A",B3K0H6
8065009,"No Frills","N/A","MAPLE LEAF READY CRISP FULLY COOKED BACON, 65 G OR MAPLE LEAF OR SCHNEIDERS BACON, 375 G","N/A",$3.95,N/A,"N/A",each,"N/A",2026-08-06T00:00:00-04:00,2026-08-12T23:59:59-04:00,"N/A",B3K0H6
8065009,"No Frills","N/A","NO NAME® NATURALLY IMPERFECT™ TOMATOES","N/A",$4.00,N/A,"N/A",each,"N/A",2026-08-06T00:00:00-04:00,2026-08-12T23:59:59-04:00,"N/A",B3K0H6
8065009,"No Frills","N/A","YELLOW or GREEN BEANS","N/A",$2.99,N/A,"N/A",each,"N/A",2026-08-06T00:00:00-04:00,2026-08-12T23:59:59-04:00,"N/A",B3K0H6
8065009,"No Frills","N/A","TETLEY ORANGE PEKOE TEA, 216'S","N/A",$10.00,N/A,"N/A",each,"N/A",2026-08-06T00:00:00-04:00,2026-08-12T23:59:59-04:00,"N/A",B3K0H6
8065009,"No Frills","N/A","TEMPTATIONS CREAMY PURRRR-ÉE or LICKABLE SPOONS CAT TREATS, 40/48 g","N/A",$2.79,N/A,"N/A",each,"N/A",2026-08-06T00:00:00-04:00,2026-08-12T23:59:59-04:00,"N/A",B3K0H6
8065009,"No Frills","N/A","GATORADE SPORT DRINKS, 6x591 mL/8x355 mL or ALLEN'S DRINK BOXES, 24x200 mL","N/A",$6.25,N/A,"N/A",each,"N/A",2026-08-06T00:00:00-04:00,2026-08-12T23:59:59-04:00,"N/A",B3K0H6
8065009,"No Frills","N/A","PC® SCOOP SHOP ICE CREAM, 946 ML","N/A",$5.00,N/A,"N/A",each,"N/A",2026-08-06T00:00:00-04:00,2026-08-12T23:59:59-04:00,"N/A",B3K0H6
8065009,"No Frills","N/A","ACTIVIA PROBIOTIC YOGURT, 12x100 G","N/A",$5.97,N/A,"N/A",each,"N/A",2026-08-06T00:00:00-04:00,2026-08-12T23:59:59-04:00,"N/A",B3K0H6
8065009,"No Frills","N/A","QUAKER CRISPY MINIS RICE CAKES or CHIPS, 90-199 g","N/A",$2.50,N/A,"N/A",each,"N/A",2026-08-06T00:00:00-04:00,2026-08-12T23:59:59-04:00,"N/A",B3K0H6
8065009,"No Frills","N/A","PILLSBURY POPS 380 G, SCRAMBLES 204 G OR STRUDEL 326 G","N/A",$3.00,N/A,"N/A",each,"N/A",2026-08-06T00:00:00-04:00,2026-08-12T23:59:59-04:00,"N/A",B3K0H6
8065009,"No Frills","N/A","PAMPERS ECONO PACK DIAPERS, SIZE N-8, 58-200'S","N/A",$34.99,N/A,"N/A",each,"N/A",2026-08-06T00:00:00-04:00,2026-08-12T23:59:59-04:00,"N/A",B3K0H6
8065009,"No Frills","N/A","CHRISTIE FAMILY SIZE COOKIES, 374-488 G, CAKESTERS, 285 G, RITZ DRIZZLED MINIS, 226 G OR RITZ MINI SNAK PAKS, 280 G","N/A",$4.50,N/A,"N/A",each,"N/A",2026-08-06T00:00:00-04:00,2026-08-12T23:59:59-04:00,"N/A",B3K0H6
8065009,"No Frills","N/A","YOPLAIT TUBES YOGURT, 8X56 G OR MINIGO YOGURT 6X60 G","N/A",$3.00,N/A,"N/A",each,"N/A",2026-08-06T00:00:00-04:00,2026-08-12T23:59:59-04:00,"N/A",B3K0H6
8065009,"No Frills","N/A","FARMER'S MARKET™ YELLOW NECTARINES 3 L or PEACHES, 2 L","N/A",$6.99,N/A,"N/A",each,"N/A",2026-08-06T00:00:00-04:00,2026-08-12T23:59:59-04:00,"N/A",B3K0H6
8065009,"No Frills","N/A","SEAQUEST® FISH FILLETS, 400 G","N/A",$6.50,N/A,"N/A",each,"N/A",2026-08-06T00:00:00-04:00,2026-08-12T23:59:59-04:00,"N/A",B3K0H6
8065009,"No Frills","N/A","GREEN CABBAGE","N/A",$0.99,N/A,"N/A",each,"N/A",2026-08-06T00:00:00-04:00,2026-08-12T23:59:59-04:00,"N/A",B3K0H6
8065009,"No Frills","N/A","PC® or BLUE MENU® SLICED CHEESE CLUB SIZE, 500 g, PC® CHICKEN BREAST STRIPS, 300/375 g or MASTRO GENOA SALAMI, 600 g","N/A",$12.00,N/A,"N/A",each,"N/A",2026-08-06T00:00:00-04:00,2026-08-12T23:59:59-04:00,"N/A",B3K0H6
8065009,"No Frills","N/A","FARMER'S MARKET™ MANDARINS, 2 LB BAG","N/A",$4.99,N/A,"N/A",each,"N/A",2026-08-06T00:00:00-04:00,2026-08-12T23:59:59-04:00,"N/A",B3K0H6
8065009,"No Frills","N/A","NESTLE KIT KAT, AERO OR CRUNCH TABLETS, 95 - 105 G","N/A",$1.75,N/A,"N/A",each,"N/A",2026-08-06T00:00:00-04:00,2026-08-12T23:59:59-04:00,"N/A",B3K0H6
8065009,"No Frills","N/A","OIKOS GREEK YOGURT, 4x100 g or BECEL, 400/454 g or BECEL PLANT BASED BRICKS, 454 g","N/A",$3.49,N/A,"N/A",each,"N/A",2026-08-06T00:00:00-04:00,2026-08-12T23:59:59-04:00,"N/A",B3K0H6
8065009,"No Frills","N/A","T&T® FROZEN POTSTICKERS, 567 G","N/A",N/A,N/A,"N/A",each,"N/A",2026-08-06T00:00:00-04:00,2026-08-12T23:59:59-04:00,"N/A",B3K0H6
8065009,"No Frills","N/A","KELLOGG'S FROSTED FLAKES LESS SUGAR MULTIGRAIN CEREAL, 338 g","N/A",N/A,N/A,"N/A",each,"N/A",2026-08-06T00:00:00-04:00,2026-08-12T23:59:59-04:00,"N/A",B3K0H6
8065009,"No Frills","N/A","MELITTA BAMBOO #4 COFFEE FILTERS, 80's","N/A",N/A,N/A,"N/A",each,"N/A",2026-08-06T00:00:00-04:00,2026-08-12T23:59:59-04:00,"N/A",B3K0H6
8065009,"No Frills","N/A","PC® WINE VINEGAR, 500 mL","N/A",N/A,N/A,"N/A",each,"N/A",2026-08-06T00:00:00-04:00,2026-08-12T23:59:59-04:00,"N/A",B3K0H6
8065009,"No Frills","N/A","PC® SOFT DRINKS, 12 X 355 ML","N/A",N/A,N/A,"N/A",each,"N/A",2026-08-06T00:00:00-04:00,2026-08-12T23:59:59-04:00,"N/A",B3K0H6
8065009,"No Frills","N/A","FARMERS MARKET™ CORTLAND OR MCINTOSH APPLES, 4 LB BAG OR AVOCADOS, PKG OF 5","N/A",$4.99,N/A,"N/A",each,"N/A",2026-08-06T00:00:00-04:00,2026-08-12T23:59:59-04:00,"N/A",B3K0H6
8065009,"No Frills","N/A","GLAD CLING WRAP, 60 M ALCAN FOIL, 50 FT, NON-STICK FOIL, 25 FT OR REYNOLDS PARCHMENT PAPER, 35 FT","N/A",$3.99,N/A,"N/A",each,"N/A",2026-08-06T00:00:00-04:00,2026-08-12T23:59:59-04:00,"N/A",B3K0H6
8065009,"No Frills","N/A","DORITOS TORTILLA CHIPS, 210/235 g","N/A",$3.99,N/A,"N/A",each,"N/A",2026-08-06T00:00:00-04:00,2026-08-12T23:59:59-04:00,"N/A",B3K0H6
8065009,"No Frills","N/A","KD ORIGINAL, 200 g","N/A",$1.25,N/A,"N/A",each,"N/A",2026-08-06T00:00:00-04:00,2026-08-12T23:59:59-04:00,"N/A",B3K0H6
8065009,"No Frills","N/A","CLUB HOUSE GRAVY, SAUCE OR SEASONING MIXES, 21-47 G","N/A",$1.00,N/A,"N/A",each,"N/A",2026-08-06T00:00:00-04:00,2026-08-12T23:59:59-04:00,"N/A",B3K0H6
8065009,"No Frills","N/A","RUFFLES POTATO CHIPS or CHEETOS PUFFS, 170-285 g","N/A",$4.00,N/A,"N/A",each,"N/A",2026-08-06T00:00:00-04:00,2026-08-12T23:59:59-04:00,"N/A",B3K0H6
8065009,"No Frills","N/A","NO NAME® NATURALLY IMPERFECT™ WHOLE CREMINI or WHITE MUSHROOMS","N/A",$6.00,N/A,"N/A",each,"N/A",2026-08-06T00:00:00-04:00,2026-08-12T23:59:59-04:00,"N/A",B3K0H6
8065009,"No Frills","N/A","EXTRA LEAN GROUND BEEF, 450 G","N/A",$8.00,N/A,"N/A",each,"N/A",2026-08-06T00:00:00-04:00,2026-08-12T23:59:59-04:00,"N/A",B3K0H6
8065009,"No Frills","N/A","FARMER'S MARKET™ GRAPE TOMATOES, 283 G","N/A",$1.99,N/A,"N/A",each,"N/A",2026-08-06T00:00:00-04:00,2026-08-12T23:59:59-04:00,"N/A",B3K0H6
8065009,"No Frills","N/A","MCCAIN DEEP 'N DELICIOUS CAKE, 510 G or CHAPMAN'S PREMIUM ICE CREAM, 2 L","N/A",$5.50,N/A,"N/A",each,"N/A",2026-08-06T00:00:00-04:00,2026-08-12T23:59:59-04:00,"N/A",B3K0H6
8065009,"No Frills","N/A","GREEN PEPPERS","N/A",$1.49,N/A,"N/A",each,"N/A",2026-08-06T00:00:00-04:00,2026-08-12T23:59:59-04:00,"N/A",B3K0H6
8065009,"No Frills","N/A","GATORADE SPORT DRINKS, 24x591 ML","N/A",$21.50,N/A,"N/A",each,"N/A",2026-08-06T00:00:00-04:00,2026-08-12T23:59:59-04:00,"N/A",B3K0H6
8065009,"No Frills","N/A","CHERRIES","N/A",$4.99,N/A,"N/A",each,"N/A",2026-08-06T00:00:00-04:00,2026-08-12T23:59:59-04:00,"N/A",B3K0H6
8065009,"No Frills","N/A","PHILADELPHIA CREAM CHEESE PRODUCT, 340 G","N/A",$5.00,N/A,"N/A",each,"N/A",2026-08-06T00:00:00-04:00,2026-08-12T23:59:59-04:00,"N/A",B3K0H6
8065009,"No Frills","N/A","NO NAME® PASTA, 900 g","N/A",$2.00,N/A,"N/A",each,"N/A",2026-08-06T00:00:00-04:00,2026-08-12T23:59:59-04:00,"N/A",B3K0H6
8065009,"No Frills","N/A","WHOLE SEEDLESS WATERMELON, 9 LB AVERAGE","N/A",$4.99,N/A,"N/A",each,"N/A",2026-08-06T00:00:00-04:00,2026-08-12T23:59:59-04:00,"N/A",B3K0H6
8065009,"No Frills","N/A","JANES PUB STYLE CHICKEN WINGS, 660 G","N/A",$6.99,N/A,"N/A",each,"N/A",2026-08-06T00:00:00-04:00,2026-08-12T23:59:59-04:00,"N/A",B3K0H6
8065009,"No Frills","N/A","NO NAME® BONELESS SKINLESS CHICKEN BREAST","N/A",$6.99,N/A,"N/A",each,"N/A",2026-08-06T00:00:00-04:00,2026-08-12T23:59:59-04:00,"N/A",B3K0H6
8065009,"No Frills","N/A","CAMPBELL'S CONDENSED SOUP, 284 ML","N/A",$1.25,N/A,"N/A",each,"N/A",2026-08-06T00:00:00-04:00,2026-08-12T23:59:59-04:00,"N/A",B3K0H6
8065009,"No Frills","N/A","GENERAL MILLS CHEX or NATURE VALLEY GRANOLA CEREAL, 310-360 g","N/A",$4.00,N/A,"N/A",each,"N/A",2026-08-06T00:00:00-04:00,2026-08-12T23:59:59-04:00,"N/A",B3K0H6
8065009,"No Frills","N/A","GREEN ZUCCHINI or TOMATOES ON THE VINE","N/A",$1.99,N/A,"N/A",each,"N/A",2026-08-06T00:00:00-04:00,2026-08-12T23:59:59-04:00,"N/A",B3K0H6
8065009,"No Frills","N/A","SWEET CORN","N/A",$0.49,N/A,"N/A",each,"N/A",2026-08-06T00:00:00-04:00,2026-08-12T23:59:59-04:00,"N/A",B3K0H6
8065009,"No Frills","N/A","PEPSI SOFT DRINKS, 6x710 mL","N/A",$4.25,N/A,"N/A",each,"N/A",2026-08-06T00:00:00-04:00,2026-08-12T23:59:59-04:00,"N/A",B3K0H6
8065009,"No Frills","N/A","CAMPBELL'S BROTH OR CONCENTRATED BROTH, 250/900 ML","N/A",$1.79,N/A,"N/A",each,"N/A",2026-08-06T00:00:00-04:00,2026-08-12T23:59:59-04:00,"N/A",B3K0H6
8065009,"No Frills","N/A","WHITE POTATOES, 10 LB BAG","N/A",$5.99,N/A,"N/A",each,"N/A",2026-08-06T00:00:00-04:00,2026-08-12T23:59:59-04:00,"N/A",B3K0H6
8065412,"Atlantic Superstore","N/A","GREENHOUSE BEEFSTEAK TOMATOES","N/A",$2.50,N/A,"N/A",each,"N/A",2026-08-06T00:00:00-04:00,2026-08-12T23:59:59-04:00,"N/A",B3K0H6
8065412,"Atlantic Superstore","N/A","PURE PROTEIN CRISPS OR CRACKERS","N/A",$3.00,N/A,"N/A",each,"N/A",2026-08-06T00:00:00-04:00,2026-08-12T23:59:59-04:00,"N/A",B3K0H6
8065412,"Atlantic Superstore","N/A","TRE STELLE BOCCONCINI OR FETA CHEESE, 200 G","N/A",$5.00,N/A,"N/A",each,"N/A",2026-08-06T00:00:00-04:00,2026-08-12T23:59:59-04:00,"N/A",B3K0H6
8065412,"Atlantic Superstore","N/A","PC® NUTRITION FIRST® CAT FOOD, 4 KG","N/A",$25.00,N/A,"N/A",each,"N/A",2026-08-06T00:00:00-04:00,2026-08-12T23:59:59-04:00,"N/A",B3K0H6
8065412,"Atlantic Superstore","N/A","PC ORGANICS FROZEN FRUIT, 1.5 KG","N/A",$19.00,N/A,"N/A",each,"N/A",2026-08-06T00:00:00-04:00,2026-08-12T23:59:59-04:00,"N/A",B3K0H6
8065412,"Atlantic Superstore","N/A","MARC ANTHONY OR CAKE HAIR CARE","N/A",$9.00,N/A,"N/A",each,"N/A",2026-08-06T00:00:00-04:00,2026-08-12T23:59:59-04:00,"N/A",B3K0H6
8065412,"Atlantic Superstore","N/A","SENSODYNE OR PRONAMEL BASE TOOTHPASTE, 75/100 ML","N/A",$5.25,N/A,"N/A",each,"N/A",2026-08-06T00:00:00-04:00,2026-08-12T23:59:59-04:00,"N/A",B3K0H6
8065412,"Atlantic Superstore","N/A","NESTLÉ SMARTIES, 800 G, KITKAT OR COFFEE CRISP MINIS, 700 G","N/A",$15.00,N/A,"N/A",each,"N/A",2026-08-06T00:00:00-04:00,2026-08-12T23:59:59-04:00,"N/A",B3K0H6
8065412,"Atlantic Superstore","N/A","ACE GOURMET BURGER OR SAUSAGE BUNS, 4'S","N/A",$4.50,N/A,"N/A",each,"N/A",2026-08-06T00:00:00-04:00,2026-08-12T23:59:59-04:00,"N/A",B3K0H6
8065412,"Atlantic Superstore","N/A","PC® GOAT CHEESE, 140 G","N/A",$6.00,$7.29,"N/A",each,"N/A",2026-08-06T00:00:00-04:00,2026-08-12T23:59:59-04:00,"N/A",B3K0H6
8065412,"Atlantic Superstore","N/A","AHA™ PEACH HONEY SPARKLING WATER, 12 X 355 ML","N/A",$14.00,N/A,"N/A",each,"N/A",2026-08-06T00:00:00-04:00,2026-08-12T23:59:59-04:00,"N/A",B3K0H6
8065412,"Atlantic Superstore","N/A","WAGH BAKRI PREMIUM TEA, 907 G","N/A",$12.00,N/A,"N/A",each,"N/A",2026-08-06T00:00:00-04:00,2026-08-12T23:59:59-04:00,"N/A",B3K0H6
8065412,"Atlantic Superstore","N/A","PC® PACIFIC LARGE WHITE SHRIMP RAW ZIPPERBACK®, 31-40/LB, 1.5 KG","N/A",$26.00,N/A,"N/A",each,"N/A",2026-08-06T00:00:00-04:00,2026-08-12T23:59:59-04:00,"N/A",B3K0H6
8065412,"Atlantic Superstore","N/A","HUGGIES PULL-UPS CLUB PACK TRAINING PANTS, 48-74'S","N/A",$27.00,N/A,"N/A",each,"N/A",2026-08-06T00:00:00-04:00,2026-08-12T23:59:59-04:00,"N/A",B3K0H6
8065412,"Atlantic Superstore","N/A","NO NAME® READY TO BAKE GARLIC TOAST, 638 G","N/A",$3.00,N/A,"N/A",each,"N/A",2026-08-06T00:00:00-04:00,2026-08-12T23:59:59-04:00,"N/A",B3K0H6
8065412,"Atlantic Superstore","N/A","GREEN SWEET PEPPERS","N/A",$3.00,N/A,"N/A",each,"N/A",2026-08-06T00:00:00-04:00,2026-08-12T23:59:59-04:00,"N/A",B3K0H6
8065412,"Atlantic Superstore","N/A","BENEFUL DOG FOOD, 7 KG","N/A",$25.00,$28.99,"N/A",each,"N/A",2026-08-06T00:00:00-04:00,2026-08-12T23:59:59-04:00,"N/A",B3K0H6
8065412,"Atlantic Superstore","N/A","FARMER'S MARKET™ MUFFINS, 4'S","N/A",$4.00,$5.00,"N/A",each,"N/A",2026-08-06T00:00:00-04:00,2026-08-12T23:59:59-04:00,"N/A",B3K0H6
8065412,"Atlantic Superstore","N/A","IÖGO FROZEN YOGURT, BARS OR POPS, 320-946 ML","N/A",$6.00,N/A,"N/A",each,"N/A",2026-08-06T00:00:00-04:00,2026-08-12T23:59:59-04:00,"N/A",B3K0H6
8065412,"Atlantic Superstore","N/A","PC® ORANGE JUICE, TEA OR LEMONADE, 1.36 L OR ASTRO TUBS, 650/750 G","N/A",$3.50,N/A,"N/A",each,"N/A",2026-08-06T00:00:00-04:00,2026-08-12T23:59:59-04:00,"N/A",B3K0H6
8065412,"Atlantic Superstore","N/A","NO NAME® SPICED HERBS OR SEASONINGS, 5.5-250 G","N/A",$3.50,N/A,"N/A",each,"N/A",2026-08-06T00:00:00-04:00,2026-08-12T23:59:59-04:00,"N/A",B3K0H6
8065412,"Atlantic Superstore","N/A","VIVASEA COOKED NEW ZEALAND GREENSHELL MUSSELS, 500 G","N/A",$6.00,N/A,"N/A",each,"N/A",2026-08-06T00:00:00-04:00,2026-08-12T23:59:59-04:00,"N/A",B3K0H6
8065412,"Atlantic Superstore","N/A","LIFE BRAND MOUTHWASH, 1 L OR KIDS MANUAL TOOTHBRUSH, 4'S","N/A",$4.00,N/A,"N/A",each,"N/A",2026-08-06T00:00:00-04:00,2026-08-12T23:59:59-04:00,"N/A",B3K0H6
8065412,"Atlantic Superstore","N/A","FRIED TORTILLA CHIPS, 400 G","N/A",$8.00,N/A,"N/A",each,"N/A",2026-08-06T00:00:00-04:00,2026-08-12T23:59:59-04:00,"N/A",B3K0H6
8065412,"Atlantic Superstore","N/A","CETAPHIL CLEANSERS OR MOISTURIZERS","N/A",N/A,N/A,"N/A",each,"N/A",2026-08-06T00:00:00-04:00,2026-08-12T23:59:59-04:00,"N/A",B3K0H6
8065412,"Atlantic Superstore","N/A","FARMER'S MARKET™ PEACHES, 3 L OR NECTARINES, 2 L","N/A",$8.00,N/A,"N/A",each,"N/A",2026-08-06T00:00:00-04:00,2026-08-12T23:59:59-04:00,"N/A",B3K0H6
8065412,"Atlantic Superstore","N/A","SPRAGUE BEANS, 398 ML OR SOUP, 254 ML","N/A",$2.25,N/A,"N/A",each,"N/A",2026-08-06T00:00:00-04:00,2026-08-12T23:59:59-04:00,"N/A",B3K0H6
8065412,"Atlantic Superstore","N/A","CHRIS BROTHERS BRISKET","N/A",$7.99,$10.59,"N/A",each,"N/A",2026-08-06T00:00:00-04:00,2026-08-12T23:59:59-04:00,"N/A",B3K0H6
8065412,"Atlantic Superstore","N/A","SKINNY POP POPCORN, 125-150 G","N/A",$3.00,N/A,"N/A",each,"N/A",2026-08-06T00:00:00-04:00,2026-08-12T23:59:59-04:00,"N/A",B3K0H6
8065412,"Atlantic Superstore","N/A","INDOMIE INSTANT NOODLES, 5'S, 400-425 G","N/A",$3.99,N/A,"N/A",each,"N/A",2026-08-06T00:00:00-04:00,2026-08-12T23:59:59-04:00,"N/A",B3K0H6
8065412,"Atlantic Superstore","N/A","PC® OR BLUE MENU® PASTA, 375/454 G OR PC® TOMATO SAUCE, 680 ML","N/A",$2.00,N/A,"N/A",each,"N/A",2026-08-06T00:00:00-04:00,2026-08-12T23:59:59-04:00,"N/A",B3K0H6
8065412,"Atlantic Superstore","N/A","PC® TOPPED HUMMUS, 280 G OR PC® NAAN DIPPERS, 200 G","N/A",$7.00,N/A,"N/A",each,"N/A",2026-08-06T00:00:00-04:00,2026-08-12T23:59:59-04:00,"N/A",B3K0H6
8065412,"Atlantic Superstore","N/A","PORK SHOULD PICNIC SPLIT","N/A",$3.50,N/A,"N/A",each,"N/A",2026-08-06T00:00:00-04:00,2026-08-12T23:59:59-04:00,"N/A",B3K0H6
8065412,"Atlantic Superstore","N/A","NO NAME® POTATO CHIPS, 200 G","N/A",$1.50,N/A,"N/A",each,"N/A",2026-08-06T00:00:00-04:00,2026-08-12T23:59:59-04:00,"N/A",B3K0H6
8065412,"Atlantic Superstore","N/A","ZERO SUGAR A&W ROOT BEER, 2 L","N/A",$4.98,N/A,"N/A",each,"N/A",2026-08-06T00:00:00-04:00,2026-08-12T23:59:59-04:00,"N/A",B3K0H6
8065412,"Atlantic Superstore","N/A","WHISKAS DRY CAT FOOD, 2 KG","N/A",$7.00,N/A,"N/A",each,"N/A",2026-08-06T00:00:00-04:00,2026-08-12T23:59:59-04:00,"N/A",B3K0H6
8065412,"Atlantic Superstore","N/A","SUFRA® HALAL WHOLE CHICKEN, UP TO 1. 51 KG","N/A",$16.00,N/A,"N/A",each,"N/A",2026-08-06T00:00:00-04:00,2026-08-12T23:59:59-04:00,"N/A",B3K0H6
8065412,"Atlantic Superstore","N/A","SOFTSOAP LIQUID HAND SOAP REFILL, 1.47 L","N/A",$4.50,N/A,"N/A",each,"N/A",2026-08-06T00:00:00-04:00,2026-08-12T23:59:59-04:00,"N/A",B3K0H6
8065412,"Atlantic Superstore","N/A","PAPAYA","N/A",$2.50,N/A,"N/A",each,"N/A",2026-08-06T00:00:00-04:00,2026-08-12T23:59:59-04:00,"N/A",B3K0H6
8065412,"Atlantic Superstore","N/A","CORED PINEAPPLE","N/A",$7.00,N/A,"N/A",each,"N/A",2026-08-06T00:00:00-04:00,2026-08-12T23:59:59-04:00,"N/A",B3K0H6
8065412,"Atlantic Superstore","N/A","DEMPSTER'S PROTEIN BREAD AND BAGELS","N/A",$4.50,N/A,"N/A",each,"N/A",2026-08-06T00:00:00-04:00,2026-08-12T23:59:59-04:00,"N/A",B3K0H6
8065412,"Atlantic Superstore","N/A","ROOSTER® INSTANT RICE NOODLES, 250-400 G","N/A",$1.50,$2.29,"N/A",each,"N/A",2026-08-06T00:00:00-04:00,2026-08-12T23:59:59-04:00,"N/A",B3K0H6
8065412,"Atlantic Superstore","N/A","POWERADE® TEAM PACK, 24 X 591 ML","N/A",$25.99,N/A,"N/A",each,"N/A",2026-08-06T00:00:00-04:00,2026-08-12T23:59:59-04:00,"N/A",B3K0H6
8065412,"Atlantic Superstore","N/A","NO NAME® NAPKINS, 500'S","N/A",$6.00,N/A,"N/A",each,"N/A",2026-08-06T00:00:00-04:00,2026-08-12T23:59:59-04:00,"N/A",B3K0H6
8065412,"Atlantic Superstore","N/A","NO NAME® MALT OR APPLE CIDER VINEGAR, 500 mL","N/A",$5.00,N/A,"N/A",each,"N/A",2026-08-06T00:00:00-04:00,2026-08-12T23:59:59-04:00,"N/A",B3K0H6
8065412,"Atlantic Superstore","N/A","CLOVER LEAF LIGHT TUNA, 85/170 G","N/A",$1.50,N/A,"N/A",each,"N/A",2026-08-06T00:00:00-04:00,2026-08-12T23:59:59-04:00,"N/A",B3K0H6
8065412,"Atlantic Superstore","N/A","NO NAME® ICE MILK, 1.65 L","N/A",$4.00,N/A,"N/A",each,"N/A",2026-08-06T00:00:00-04:00,2026-08-12T23:59:59-04:00,"N/A",B3K0H6
8065412,"Atlantic Superstore","N/A","CARBONAUT GLUTEN FREE OR PLANT BASED WRAPS, 156 G","N/A",$5.50,N/A,"N/A",each,"N/A",2026-08-06T00:00:00-04:00,2026-08-12T23:59:59-04:00,"N/A",B3K0H6
8065412,"Atlantic Superstore","N/A","HALDIRAM'S SNACKS, 150 G","N/A",$6.00,N/A,"N/A",each,"N/A",2026-08-06T00:00:00-04:00,2026-08-12T23:59:59-04:00,"N/A",B3K0H6
8065412,"Atlantic Superstore","N/A","VACHON SNACK CAKES","N/A",$2.85,N/A,"N/A",each,"N/A",2026-08-06T00:00:00-04:00,2026-08-12T23:59:59-04:00,"N/A",B3K0H6
8065412,"Atlantic Superstore","N/A","RAVINE CANNED MUSHROOMS, 284 ML","N/A",$1.25,N/A,"N/A",each,"N/A",2026-08-06T00:00:00-04:00,2026-08-12T23:59:59-04:00,"N/A",B3K0H6
8065412,"Atlantic Superstore","N/A","NEW ZEALAND LAMB SHANK","N/A",$10.00,N/A,"N/A",each,"N/A",2026-08-06T00:00:00-04:00,2026-08-12T23:59:59-04:00,"N/A",B3K0H6
8065412,"Atlantic Superstore","N/A","CARIBBEAN SWEET POTATOES","N/A",$2.25,N/A,"N/A",each,"N/A",2026-08-06T00:00:00-04:00,2026-08-12T23:59:59-04:00,"N/A",B3K0H6
8065412,"Atlantic Superstore","N/A","PAMPERS BABY DRY ULTRA DIAPERS SIZE 3-6, 124-174'S","N/A",$35.00,N/A,"N/A",each,"N/A",2026-08-06T00:00:00-04:00,2026-08-12T23:59:59-04:00,"N/A",B3K0H6
8065412,"Atlantic Superstore","N/A","OLIVIERI FAMILY PACK PASTA, 500-700 G","N/A",$11.00,$13.00,"N/A",each,"N/A",2026-08-06T00:00:00-04:00,2026-08-12T23:59:59-04:00,"N/A",B3K0H6
8065412,"Atlantic Superstore","N/A","KIDDICARE ECONO PACK DIAPERS","N/A",$27.88,N/A,"N/A",each,"N/A",2026-08-06T00:00:00-04:00,2026-08-12T23:59:59-04:00,"N/A",B3K0H6
8065412,"Atlantic Superstore","N/A","PAMPERS SUPER BIG PACK DIAPERS SIZE N-7, 42-96'S OR SIMILAC GO & GROW STEP 3 TODDLER FORMULA, 850 G","N/A",$28.00,N/A,"N/A",each,"N/A",2026-08-06T00:00:00-04:00,2026-08-12T23:59:59-04:00,"N/A",B3K0H6
8065412,"Atlantic Superstore","N/A","NO NAME® NATURALLY IMPERFECT™ POTATOES, 15 LB","N/A",$8.00,N/A,"N/A",each,"N/A",2026-08-06T00:00:00-04:00,2026-08-12T23:59:59-04:00,"N/A",B3K0H6
8065412,"Atlantic Superstore","N/A","NO NAME® RED WINE VINEGAR, 500 ML OR WHITE VINEGAR, 1 L","N/A",$5.00,N/A,"N/A",each,"N/A",2026-08-06T00:00:00-04:00,2026-08-12T23:59:59-04:00,"N/A",B3K0H6
8065412,"Atlantic Superstore","N/A","HIGH LINER FISH STICKS, FILLETS OR SHRIMP, 315-700 G","N/A",$5.99,$10.99,"N/A",each,"N/A",2026-08-06T00:00:00-04:00,2026-08-12T23:59:59-04:00,"N/A",B3K0H6
8065412,"Atlantic Superstore","N/A","DR. OETKER PIZZA RISTORANTE OR CASA DI MAMA, 320-410 G","N/A",$3.50,N/A,"N/A",each,"N/A",2026-08-06T00:00:00-04:00,2026-08-12T23:59:59-04:00,"N/A",B3K0H6
8065412,"Atlantic Superstore","N/A","TEMPTATIONS PURRRR-ÉE OR SPOONS, 4'S","N/A",N/A,N/A,"N/A",each,"N/A",2026-08-06T00:00:00-04:00,2026-08-12T23:59:59-04:00,"N/A",B3K0H6
8065412,"Atlantic Superstore","N/A","WONDER BREAD 570 G, BUNS 8'S OR ROLLS 672 G OR D'ITALIANO BUNS 420-568 G","N/A",$7.00,N/A,"N/A",each,"N/A",2026-08-06T00:00:00-04:00,2026-08-12T23:59:59-04:00,"N/A",B3K0H6
8065412,"Atlantic Superstore","N/A","COCA-COLA, CANADA DRY OR PEPSI SOFT DRINKS, 2 L","N/A",$4.98,N/A,"N/A",each,"N/A",2026-08-06T00:00:00-04:00,2026-08-12T23:59:59-04:00,"N/A",B3K0H6
8065412,"Atlantic Superstore","N/A","PC® GUACAMOLE, 227 G","N/A",$5.00,N/A,"N/A",each,"N/A",2026-08-06T00:00:00-04:00,2026-08-12T23:59:59-04:00,"N/A",B3K0H6
8065412,"Atlantic Superstore","N/A","BAND-AID BANDAGES OR POLYSPORIN OINTMENT","N/A",N/A,N/A,"N/A",each,"N/A",2026-08-06T00:00:00-04:00,2026-08-12T23:59:59-04:00,"N/A",B3K0H6
8065412,"Atlantic Superstore","N/A","NO NAME® NATURAL CHEESE SLICES, 210/230 G","N/A",$10.00,N/A,"N/A",each,"N/A",2026-08-06T00:00:00-04:00,2026-08-12T23:59:59-04:00,"N/A",B3K0H6
8065412,"Atlantic Superstore","N/A","PC LIVE LETTUCE GREEN, RED OR TRIO, 1'S","N/A",$3.00,N/A,"N/A",each,"N/A",2026-08-06T00:00:00-04:00,2026-08-12T23:59:59-04:00,"N/A",B3K0H6
8065412,"Atlantic Superstore","N/A","PANEER HAPPY DAIRY, 300 G","N/A",$4.50,N/A,"N/A",each,"N/A",2026-08-06T00:00:00-04:00,2026-08-12T23:59:59-04:00,"N/A",B3K0H6
8065412,"Atlantic Superstore","N/A","TAYLOR FARMS CHOPPED SALAD KITS, 267-383 G","N/A",$4.50,N/A,"N/A",each,"N/A",2026-08-06T00:00:00-04:00,2026-08-12T23:59:59-04:00,"N/A",B3K0H6
8065412,"Atlantic Superstore","N/A","OLD SPICE, 73-144 G, SECRET, 68-116 G OR GILLETTE DEODORANT, 108 G","N/A",$7.50,N/A,"N/A",each,"N/A",2026-08-06T00:00:00-04:00,2026-08-12T23:59:59-04:00,"N/A",B3K0H6
8065412,"Atlantic Superstore","N/A","PC® EXTRA LARGE GREEN OR RED SEEDLESS GRAPES","N/A",$4.50,N/A,"N/A",each,"N/A",2026-08-06T00:00:00-04:00,2026-08-12T23:59:59-04:00,"N/A",B3K0H6
8065412,"Atlantic Superstore","N/A","PC 5 L STAINLESS STEEL PEDAL WASTE BINS","N/A",$10.00,N/A,"N/A",each,"N/A",2026-08-06T00:00:00-04:00,2026-08-12T23:59:59-04:00,"N/A",B3K0H6
8065412,"Atlantic Superstore","N/A","NO NAME® ENGLISH MUFFINS 6'S OR GARLIC BREAD OR TOAST, 325 G","N/A",$2.50,N/A,"N/A",each,"N/A",2026-08-06T00:00:00-04:00,2026-08-12T23:59:59-04:00,"N/A",B3K0H6
8065412,"Atlantic Superstore","N/A","SEEDLESS WATERMELONS, 11 LB","N/A",$7.00,N/A,"N/A",each,"N/A",2026-08-06T00:00:00-04:00,2026-08-12T23:59:59-04:00,"N/A",B3K0H6
8065412,"Atlantic Superstore","N/A","CADBURY MINI EGGS CHOCOLATE, 700 G","N/A",$17.50,N/A,"N/A",each,"N/A",2026-08-06T00:00:00-04:00,2026-08-12T23:59:59-04:00,"N/A",B3K0H6
8065412,"Atlantic Superstore","N/A","SILVER HILLS BREAD, 600-680 G","N/A",$5.00,N/A,"N/A",each,"N/A",2026-08-06T00:00:00-04:00,2026-08-12T23:59:59-04:00,"N/A",B3K0H6
8065412,"Atlantic Superstore","N/A","CHARMIN BATH TISSUE, 12=48 ROLLS, SOFT","N/A",$18.00,N/A,"N/A",each,"N/A",2026-08-06T00:00:00-04:00,2026-08-12T23:59:59-04:00,"N/A",B3K0H6
8065412,"Atlantic Superstore","N/A","KRAFT GRATED PARMESAN CHEESE, 250 G","N/A",$8.00,N/A,"N/A",each,"N/A",2026-08-06T00:00:00-04:00,2026-08-12T23:59:59-04:00,"N/A",B3K0H6
8065412,"Atlantic Superstore","N/A","ROYAL CHINET PAPER PLATES OR BOWLS, 15/40'S","N/A",N/A,N/A,"N/A",each,"N/A",2026-08-06T00:00:00-04:00,2026-08-12T23:59:59-04:00,"N/A",B3K0H6
8065412,"Atlantic Superstore","N/A","NO NAME® CAT LITTER, 18 KG","N/A",$12.00,N/A,"N/A",each,"N/A",2026-08-06T00:00:00-04:00,2026-08-12T23:59:59-04:00,"N/A",B3K0H6
8065412,"Atlantic Superstore","N/A","YOUTHEORY HEALTH SUPPLEMENTS","N/A",N/A,N/A,"N/A",each,"N/A",2026-08-06T00:00:00-04:00,2026-08-12T23:59:59-04:00,"N/A",B3K0H6
8065412,"Atlantic Superstore","N/A","BROCCOLI CROWNS","N/A",$2.50,N/A,"N/A",each,"N/A",2026-08-06T00:00:00-04:00,2026-08-12T23:59:59-04:00,"N/A",B3K0H6
8065412,"Atlantic Superstore","N/A","PORK SIRLOIN CHOPS BONELESS","N/A",$6.00,N/A,"N/A",each,"N/A",2026-08-06T00:00:00-04:00,2026-08-12T23:59:59-04:00,"N/A",B3K0H6
8065412,"Atlantic Superstore","N/A","PC® SPLIT CHICKEN WINGS UP TO 810 G","N/A",$14.00,N/A,"N/A",each,"N/A",2026-08-06T00:00:00-04:00,2026-08-12T23:59:59-04:00,"N/A",B3K0H6
8065412,"Atlantic Superstore","N/A","JOHN FRIEDA HAIR CARE","N/A",$9.00,N/A,"N/A",each,"N/A",2026-08-06T00:00:00-04:00,2026-08-12T23:59:59-04:00,"N/A",B3K0H6
8065412,"Atlantic Superstore","N/A","NO NAME® PAPER TOWELS, 2'S","N/A",$2.50,N/A,"N/A",each,"N/A",2026-08-06T00:00:00-04:00,2026-08-12T23:59:59-04:00,"N/A",B3K0H6
8065412,"Atlantic Superstore","N/A","BOUNTY NAPKIN, 400'S","N/A",$11.00,N/A,"N/A",each,"N/A",2026-08-06T00:00:00-04:00,2026-08-12T23:59:59-04:00,"N/A",B3K0H6
8065412,"Atlantic Superstore","N/A","NONG SHIM SHRIMP CRACKERS OR CHIPS, 200/400 G","N/A",$5.00,N/A,"N/A",each,"N/A",2026-08-06T00:00:00-04:00,2026-08-12T23:59:59-04:00,"N/A",B3K0H6
8065412,"Atlantic Superstore","N/A","MCCAIN SUPERFRIES OR SPECIALTY POTATOES 454-800 G OR NO NAME® VEGETABLES, 750 G","N/A",$3.00,N/A,"N/A",each,"N/A",2026-08-06T00:00:00-04:00,2026-08-12T23:59:59-04:00,"N/A",B3K0H6
8065412,"Atlantic Superstore","N/A","NO NAME™ NATURALLY IMPERFECT™ MANGOES, 3 LB","N/A",$6.00,N/A,"N/A",each,"N/A",2026-08-06T00:00:00-04:00,2026-08-12T23:59:59-04:00,"N/A",B3K0H6
8065412,"Atlantic Superstore","N/A","SNACK FACTORY PRETZEL CRISPS, 200 G","N/A",$4.00,$6.00,"N/A",each,"N/A",2026-08-06T00:00:00-04:00,2026-08-12T23:59:59-04:00,"N/A",B3K0H6
8065412,"Atlantic Superstore","N/A","IAMS DOG DRY FOOD, 6,12, & 4 KG","N/A",$32.00,N/A,"N/A",each,"N/A",2026-08-06T00:00:00-04:00,2026-08-12T23:59:59-04:00,"N/A",B3K0H6
8065412,"Atlantic Superstore","N/A","CHRIS BROTHERS BOLOGNA, 1.5 KG","N/A",$8.00,N/A,"N/A",each,"N/A",2026-08-06T00:00:00-04:00,2026-08-12T23:59:59-04:00,"N/A",B3K0H6
8065412,"Atlantic Superstore","N/A","OASIS JUICE, DEL MONTE NECTAR, ARIZONA TEA JUICE, 960 ML OR ALLEN'S COCKTAIL, 1 L","N/A",$1.25,N/A,"N/A",each,"N/A",2026-08-06T00:00:00-04:00,2026-08-12T23:59:59-04:00,"N/A",B3K0H6
8065412,"Atlantic Superstore","N/A","LIFE BRAND® PREGNANCY OR OVULATION TEST, 1-9'S OR LUBRICANT, 148-150 ML","N/A",N/A,N/A,"N/A",each,"N/A",2026-08-06T00:00:00-04:00,2026-08-12T23:59:59-04:00,"N/A",B3K0H6
8065412,"Atlantic Superstore","N/A","PRAN FROZEN SAMOSAS OR VEGETABLE SPRING ROLLS, 400 G","N/A",$3.49,N/A,"N/A",each,"N/A",2026-08-06T00:00:00-04:00,2026-08-12T23:59:59-04:00,"N/A",B3K0H6
8065412,"Atlantic Superstore","N/A","DOVE DERMA SCALP SHAMPOO, CONDITIONER OR TRESEMME 'A LIST' STYLING PRODUCTS, 433 ML","N/A",$11.00,N/A,"N/A",each,"N/A",2026-08-06T00:00:00-04:00,2026-08-12T23:59:59-04:00,"N/A",B3K0H6
8065412,"Atlantic Superstore","N/A","PC NUTS, 680-907 G","N/A",$17.00,N/A,"N/A",each,"N/A",2026-08-06T00:00:00-04:00,2026-08-12T23:59:59-04:00,"N/A",B3K0H6
8065412,"Atlantic Superstore","N/A","CHAPMAN'S PREMIUM ICE CREAM, FROZEN YOGURT, SORBET, 2 L OR SUPER NOVELTIES, 8-20'S","N/A",$6.00,N/A,"N/A",each,"N/A",2026-08-06T00:00:00-04:00,2026-08-12T23:59:59-04:00,"N/A",B3K0H6
8065412,"Atlantic Superstore","N/A","KELLOGG'S JUMBO CEREAL, 825 G-1,05 KG","N/A",$9.99,N/A,"N/A",each,"N/A",2026-08-06T00:00:00-04:00,2026-08-12T23:59:59-04:00,"N/A",B3K0H6
8065412,"Atlantic Superstore","N/A","BUBLY SPARKLING WATER, 12X355 ML","N/A",$14.00,N/A,"N/A",each,"N/A",2026-08-06T00:00:00-04:00,2026-08-12T23:59:59-04:00,"N/A",B3K0H6
8065412,"Atlantic Superstore","N/A","MARCANGELO ITALIAN SLICED MEAT OR CHUBS, 85-300 G","N/A",N/A,N/A,"N/A",each,"N/A",2026-08-06T00:00:00-04:00,2026-08-12T23:59:59-04:00,"N/A",B3K0H6
8065412,"Atlantic Superstore","N/A","NO NAME® NATURALLY IMPERFECT™ SWEET PEPPERS, 2.5 LB","N/A",$6.00,N/A,"N/A",each,"N/A",2026-08-06T00:00:00-04:00,2026-08-12T23:59:59-04:00,"N/A",B3K0H6
8065412,"Atlantic Superstore","N/A","CRISPY ROTI WRAPS, 750 G","N/A",$3.50,N/A,"N/A",each,"N/A",2026-08-06T00:00:00-04:00,2026-08-12T23:59:59-04:00,"N/A",B3K0H6
8065412,"Atlantic Superstore","N/A","ROMA SLICED HOT & MILD PEPPERONI, 900 G","N/A",$12.00,$13.99,"N/A",each,"N/A",2026-08-06T00:00:00-04:00,2026-08-12T23:59:59-04:00,"N/A",B3K0H6
8065412,"Atlantic Superstore","N/A","HUGGIES SIMPLY CLEAN FRAGRANCE FREE 16X BABY WIPES, 1152'S","N/A",$24.00,$31.49,"N/A",each,"N/A",2026-08-06T00:00:00-04:00,2026-08-12T23:59:59-04:00,"N/A",B3K0H6
8065412,"Atlantic Superstore","N/A","PRAN INSTANT NOODLES, 280 G","N/A",$1.50,N/A,"N/A",each,"N/A",2026-08-06T00:00:00-04:00,2026-08-12T23:59:59-04:00,"N/A",B3K0H6
8065412,"Atlantic Superstore","N/A","NO NAME® GRAVY OR SAUCE, 398 ML","N/A",$5.00,N/A,"N/A",each,"N/A",2026-08-06T00:00:00-04:00,2026-08-12T23:59:59-04:00,"N/A",B3K0H6
8065412,"Atlantic Superstore","N/A","PC DELI CHEESE BLOCKS, 500 G","N/A",$13.00,$15.49,"N/A",each,"N/A",2026-08-06T00:00:00-04:00,2026-08-12T23:59:59-04:00,"N/A",B3K0H6
8065412,"Atlantic Superstore","N/A","PUREX LAUNDRY DETERGENT, 1.75-1.94 L","N/A",$7.00,$10.00,"N/A",each,"N/A",2026-08-06T00:00:00-04:00,2026-08-12T23:59:59-04:00,"N/A",B3K0H6
8065412,"Atlantic Superstore","N/A","GRACE SARDINES OR MACKEREL IN TOMATO SAUCE, 155 G","N/A",$1.00,N/A,"N/A",each,"N/A",2026-08-06T00:00:00-04:00,2026-08-12T23:59:59-04:00,"N/A",B3K0H6
8065412,"Atlantic Superstore","N/A","FARMER'S MARKET™ ENGLISH CUCUMBERS","N/A",$4.00,N/A,"N/A",each,"N/A",2026-08-06T00:00:00-04:00,2026-08-12T23:59:59-04:00,"N/A",B3K0H6
8065412,"Atlantic Superstore","N/A","PC® ORGANICS CREMINI OR WHITE MUSHROOMS, 227 G","N/A",$4.00,N/A,"N/A",each,"N/A",2026-08-06T00:00:00-04:00,2026-08-12T23:59:59-04:00,"N/A",B3K0H6
8065412,"Atlantic Superstore","N/A","BOLTHOUSE FARMS SMOOTHIES OR JUICE, 946 ML","N/A",$3.50,N/A,"N/A",each,"N/A",2026-08-06T00:00:00-04:00,2026-08-12T23:59:59-04:00,"N/A",B3K0H6
8065412,"Atlantic Superstore","N/A","DOVE BODY WASH, 905/950 ML OR BAR SOAP, 12X106 G OR AXE BODY WASH, 946 ML","N/A",N/A,N/A,"N/A",each,"N/A",2026-08-06T00:00:00-04:00,2026-08-12T23:59:59-04:00,"N/A",B3K0H6
8065412,"Atlantic Superstore","N/A","PURINA ONE DOG FOOD, 5.4‑7 KG","N/A",$32.00,$36.99,"N/A",each,"N/A",2026-08-06T00:00:00-04:00,2026-08-12T23:59:59-04:00,"N/A",B3K0H6
8065412,"Atlantic Superstore","N/A","KRAFT REAL MAYONNAISE 650-890 ML OR HEINZ PICNIC PACK 1.125 ML","N/A",$5.00,N/A,"N/A",each,"N/A",2026-08-06T00:00:00-04:00,2026-08-12T23:59:59-04:00,"N/A",B3K0H6
8065412,"Atlantic Superstore","N/A","PC® LITTLE BEAUTS GRAPE TOMATOES, 567 G","N/A",$6.50,N/A,"N/A",each,"N/A",2026-08-06T00:00:00-04:00,2026-08-12T23:59:59-04:00,"N/A",B3K0H6
8065412,"Atlantic Superstore","N/A","BOUNTY PAPER TOWEL, 6=12 ROLLS","N/A",$18.00,N/A,"N/A",each,"N/A",2026-08-06T00:00:00-04:00,2026-08-12T23:59:59-04:00,"N/A",B3K0H6
8065412,"Atlantic Superstore","N/A","NESTLÉ DRUMSTICK, 15'S","N/A",$17.00,N/A,"N/A",each,"N/A",2026-08-06T00:00:00-04:00,2026-08-12T23:59:59-04:00,"N/A",B3K0H6
8065412,"Atlantic Superstore","N/A","NO NAME® DISHWASHING LIQUID, 5 L","N/A",$11.00,N/A,"N/A",each,"N/A",2026-08-06T00:00:00-04:00,2026-08-12T23:59:59-04:00,"N/A",B3K0H6
8065412,"Atlantic Superstore","N/A","NO NAME® CANOLA OR VEGETABLE OIL, 3 L OR PC® EXTRA VIRGIN AVOCADO OIL, 500 ML","N/A",$12.00,N/A,"N/A",each,"N/A",2026-08-06T00:00:00-04:00,2026-08-12T23:59:59-04:00,"N/A",B3K0H6
8065412,"Atlantic Superstore","N/A","TIDE DETERGENT, 100/94/83 LD, IVORY SNOW DETERGENT, 80 LD, PODS/FLINGS, 45/57/76'S","N/A",$20.00,N/A,"N/A",each,"N/A",2026-08-06T00:00:00-04:00,2026-08-12T23:59:59-04:00,"N/A",B3K0H6
8065412,"Atlantic Superstore","N/A","L'OREAL FACE CARE PRODUCTS","N/A",N/A,N/A,"N/A",each,"N/A",2026-08-06T00:00:00-04:00,2026-08-12T23:59:59-04:00,"N/A",B3K0H6
8065412,"Atlantic Superstore","N/A","ZIGGY'S SLICED DELI MEATS, 600 G","N/A",$12.00,N/A,"N/A",each,"N/A",2026-08-06T00:00:00-04:00,2026-08-12T23:59:59-04:00,"N/A",B3K0H6
8065412,"Atlantic Superstore","N/A","CHRISTIE WHEAT THINS, 175/180 G, GOOD THINS RICE CRACKERS, 100G OR TRISCUIT CRACKERS, 185/200 G","N/A",$1.88,N/A,"N/A",each,"N/A",2026-08-06T00:00:00-04:00,2026-08-12T23:59:59-04:00,"N/A",B3K0H6
8065412,"Atlantic Superstore","N/A","LIFE BRAND® PAIN OR ALLERGY RELIEF PRODUCTS","N/A",N/A,N/A,"N/A",each,"N/A",2026-08-06T00:00:00-04:00,2026-08-12T23:59:59-04:00,"N/A",B3K0H6
8065412,"Atlantic Superstore","N/A","LECLERC CELEBRATION COOKIES, 200-350 G","N/A",$10.00,N/A,"N/A",each,"N/A",2026-08-06T00:00:00-04:00,2026-08-12T23:59:59-04:00,"N/A",B3K0H6
8065412,"Atlantic Superstore","N/A","SEAQUEST® CRAB FLAVOURED POLLOCK FLAKES OR LEGS, 454 G","N/A",$6.00,N/A,"N/A",each,"N/A",2026-08-06T00:00:00-04:00,2026-08-12T23:59:59-04:00,"N/A",B3K0H6
8065412,"Atlantic Superstore","N/A","SIGGI'S SKYR TUBS, 650/750 G OR STÖK COLD BREW COFFEE, 1.42 L","N/A",$7.00,N/A,"N/A",each,"N/A",2026-08-06T00:00:00-04:00,2026-08-12T23:59:59-04:00,"N/A",B3K0H6
8065412,"Atlantic Superstore","N/A","NO NAME® ICE CREAM SANDWICHES OR BARS, 24/30'S","N/A",$11.00,N/A,"N/A",each,"N/A",2026-08-06T00:00:00-04:00,2026-08-12T23:59:59-04:00,"N/A",B3K0H6
8065412,"Atlantic Superstore","N/A","FARMER'S MARKET™ PIES, 580 G-1 KG","N/A",$8.00,$10.00,"N/A",each,"N/A",2026-08-06T00:00:00-04:00,2026-08-12T23:59:59-04:00,"N/A",B3K0H6
8065412,"Atlantic Superstore","N/A","NIURISS MILK-BASED INFANT OR TODDLER FORMULA, 700/900 G","N/A",N/A,N/A,"N/A",each,"N/A",2026-08-06T00:00:00-04:00,2026-08-12T23:59:59-04:00,"N/A",B3K0H6
8065412,"Atlantic Superstore","N/A","PANTENE ABUNDANT & STRONG SHAMPOO, CONDITIONER OR SERUM","N/A",$17.00,N/A,"N/A",each,"N/A",2026-08-06T00:00:00-04:00,2026-08-12T23:59:59-04:00,"N/A",B3K0H6
8065412,"Atlantic Superstore","N/A","AFTER BITE","N/A",N/A,N/A,"N/A",each,"N/A",2026-08-06T00:00:00-04:00,2026-08-12T23:59:59-04:00,"N/A",B3K0H6
8065412,"Atlantic Superstore","N/A","ORVILLE REDENBACHER MICROWAVE POPCORN, 1.475 KG","N/A",$12.99,N/A,"N/A",each,"N/A",2026-08-06T00:00:00-04:00,2026-08-12T23:59:59-04:00,"N/A",B3K0H6
8065412,"Atlantic Superstore","N/A","NO NAME® POTATOES OR VEGETABLES, 341-540 ML","N/A",$5.00,N/A,"N/A",each,"N/A",2026-08-06T00:00:00-04:00,2026-08-12T23:59:59-04:00,"N/A",B3K0H6
8065412,"Atlantic Superstore","N/A","817 ELEPHANT BRAND BASMATI RICE, 4 KG","N/A",$14.99,$16.99,"N/A",each,"N/A",2026-08-06T00:00:00-04:00,2026-08-12T23:59:59-04:00,"N/A",B3K0H6
8065412,"Atlantic Superstore","N/A","ENFAMIL A+ INFANT FORMULA POWDER REFILL, 992 G","N/A",$61.00,N/A,"N/A",each,"N/A",2026-08-06T00:00:00-04:00,2026-08-12T23:59:59-04:00,"N/A",B3K0H6
8065412,"Atlantic Superstore","N/A","CHARMIN BATH TISSUE, 12=48 rolls","N/A",$18.00,N/A,"N/A",each,"N/A",2026-08-06T00:00:00-04:00,2026-08-12T23:59:59-04:00,"N/A",B3K0H6
8065412,"Atlantic Superstore","N/A","CORE POWER® CHOCOLATE, 12 X 414 ML","N/A",$2.50,N/A,"N/A",each,"N/A",2026-08-06T00:00:00-04:00,2026-08-12T23:59:59-04:00,"N/A",B3K0H6
8065412,"Atlantic Superstore","N/A","CLARITIN OR AERIUS ALLERGY PRODUCTS","N/A",N/A,N/A,"N/A",each,"N/A",2026-08-06T00:00:00-04:00,2026-08-12T23:59:59-04:00,"N/A",B3K0H6
8065412,"Atlantic Superstore","N/A","FRESH ATLANTIC SALMON PORTIONS, 100 G","N/A",$5.00,$6.00,"N/A",each,"N/A",2026-08-06T00:00:00-04:00,2026-08-12T23:59:59-04:00,"N/A",B3K0H6
8065412,"Atlantic Superstore","N/A","NO NAME® ALMONDS, PECANS, WALNUTS, HAZELNUTS, CASHEWS, 100 G OR COCONUT, 400 G","N/A",$4.00,N/A,"N/A",each,"N/A",2026-08-06T00:00:00-04:00,2026-08-12T23:59:59-04:00,"N/A",B3K0H6
8065412,"Atlantic Superstore","N/A","CREST TOOTHPASTE 63-200, ML, SCOPE CLASSIC, 500 ML MOUTHWASH, ORAL-B MANUAL TOOTHBRUSH, 1 EA, OR FLOSS PICKS, 75'S","N/A",$5.25,N/A,"N/A",each,"N/A",2026-08-06T00:00:00-04:00,2026-08-12T23:59:59-04:00,"N/A",B3K0H6
8065412,"Atlantic Superstore","N/A","GREEN GIANT VALLEY SELECTIONS OR FROZEN VEGETABLES, 400-750 G","N/A",$4.00,N/A,"N/A",each,"N/A",2026-08-06T00:00:00-04:00,2026-08-12T23:59:59-04:00,"N/A",B3K0H6
8065412,"Atlantic Superstore","N/A","STARBUCKS COFFEE ENHANCERS, 800-828 ML","N/A",$7.00,N/A,"N/A",each,"N/A",2026-08-06T00:00:00-04:00,2026-08-12T23:59:59-04:00,"N/A",B3K0H6
8065412,"Atlantic Superstore","N/A","CHRISTIE PREMIUM PLUS SODA CRACKERS, 900 G","N/A",$8.49,N/A,"N/A",each,"N/A",2026-08-06T00:00:00-04:00,2026-08-12T23:59:59-04:00,"N/A",B3K0H6
8065412,"Atlantic Superstore","N/A","GREENHOUSE BEEFSTEAK TOMATOES","N/A",$2.50,N/A,"N/A",each,"N/A",2026-08-06T00:00:00-04:00,2026-08-12T23:59:59-04:00,"N/A",B3K0H6